id,trigger,conditions,script,text,options,notes
#RULESET_NAME FM,,,,,,
,,,,,,
# greetings,,,,,,
greetingFMFriendly,OpenCommLink,"$faction.id == fantasy_manufacturing
$faction.friendlyToPlayer","$menuState = fleetConvMain 0
FireAll PopulateOptions","""欢迎来到幻想工造!...这么说应该没问题吧?""
OR
""人类与神秘和谐共处的未来正在来临，而你我都有幸成为她的第一批受益者。""
OR
""...所以说，有个妖怪恋人真是辛苦呢，你说是吧?"" $personName不知道为什么自然而然的开始欢快的说起自己的恋爱故事，这让你有些尴尬和震撼。
OR
""你好你好，这里是$personName，请问你有什么事情吗?""",,
greetingFMHostileWeaker,OpenCommLink,"$faction.id == fantasy_manufacturing
$faction.hostileToPlayer
$relativeStrength < 0",$ignorePlayerCommRequests = true 1,"""我已经做好了逃脱准备daze！，不过我不认为你能逃得过接下来的追击...""$personName 并没有你料想的那么慌张，这人早已准备好了逃脱方案。
OR
""所以你就是这次的幕后黑手？""$personRank 叹了口气，沮丧的切断了链接。
OR
""要·逃·跑·了·哦!""",cutCommLink:切断了通讯,
greetingFMHostileWeakerDefiant,OpenCommLink,"$faction.id ==  fantasy_manufacturing
$faction.hostileToPlayer
$relativeStrength < 0
$weakerThanPlayerButHolding",$ignorePlayerCommRequests = true 1,"""即便最后的结果不论如何都是满身疮痍，我也将尽力战斗到最后一刻！""看来$personRank并不打算束手就擒。
OR
""奇迹只属于信仰之人！""$personName的坚定声音从留言录像中传出。",cutCommLink:切断了通讯,
greetingFMHostileStronger,OpenCommLink,"$faction.id == fantasy_manufacturing
$faction.hostileToPlayer
$relativeStrength >= 0",$ignorePlayerCommRequests = true 1,"""需要这边提前向您的家人通知阵亡信息吗?""
OR
""游戏结束了！""$personRank 得意的看着你。
OR
""别担心，你会转生到一个更美好的世界的。""对方似乎是想安慰你，而且看起来相当真诚。
",cutCommLink:切断了通讯,
greetingFMNeutral,OpenCommLink,"$faction.id == fantasy_manufacturing
$faction.neutralToPlayer","$menuState = fleetConvMain 0
FireAll PopulateOptions","""贤者在上，请问您有什么事吗？""
OR
""虽然名字上像是巨型企业一样，但实际上我们不都是那么布尔乔亚啦...""$personName看出了你长期的疑惑，做出了回答。
OR
""打开了通讯链接...我想您一定不是普通人...""
OR
""即便是在英仙座星域，也不要总是被常识束缚。""",,
#END greetings,,,,,,
,,,,,,
# factions,,,,,,
relLevelNeutralFM,RelationshipLevelDesc,"$faction.rel == NEUTRAL
$faction.id == fantasy_manufacturing",FireAll RelLevelMoreDescription,和对待其他人类一样，幻想工造认为你与他们关系不大，一切都按常识进行，不过这也足够你进行常规合作了。,,
relLevelFavorableFM,RelationshipLevelDesc,"$faction.rel == FAVORABLE
$faction.id == fantasy_manufacturing",FireAll RelLevelMoreDescription,幻想工造认为你是一个潜在的重要伙伴，她们希望与你进一步加深关系，所以你能够收到更多相关的推送和一些免费小零食。,,
relLevelWelcomingFM,RelationshipLevelDesc,"$faction.rel == WELCOMING
$faction.id == fantasy_manufacturing",FireAll RelLevelMoreDescription,幻想工造已经相当程度的认可了你作为重要合作伙伴，你因此得以接触到她们已经公开的技术中的上层部分，而同时你也察觉到她们试图推送一些奇怪小东西的频率减小了。,,
relLevelFriendlyFM,RelationshipLevelDesc,"$faction.rel == FRIENDLY
$faction.id == fantasy_manufacturing",FireAll RelLevelMoreDescription,"作为在幻想工造内部颇有名气的合作伙伴，你现在可以获取几乎所有幻想工造已公开技术。而在合作洽谈时，除了先前的免费小零食之外你还可以获取各种有趣的纪念品，民间政体的成员也不时地邀请你去他们的辖区旅游。",,
relLevelCooperativeFM,RelationshipLevelDesc,"$faction.rel == COOPERATIVE
$faction.id == fantasy_manufacturing",FireAll RelLevelMoreDescription,"理事会的学者们对于和你分享理念与技术相当开心，尽管很多时候你都明确的表示你不太理解她们在原理说明和讲座上到底在说些什么，不过大家对于你能来这一点仍然很高兴。
你现在可以轻松的获取幻想工造所公开的所有技术产物，并且得到了参加一些实验性新项目的许可。",,
relLevelSuspiciousFM,RelationshipLevelDesc,"$faction.rel == SUSPICIOUS
$faction.id == fantasy_manufacturing",FireAll RelLevelMoreDescription,幻想工造对你很不理解，你的行为让这群还算和蔼的人(?)们觉得很不舒服。即便是常规的合作现在也相对困难了。,,
relLevelInhospitableFM,RelationshipLevelDesc,"$faction.rel == INHOSPITABLE
$faction.id == fantasy_manufacturing",FireAll RelLevelMoreDescription,你的所作所为已经引起了小小的异变，幻想工造现在完全不会对你推送任何东西了，即便是小零食都不会! 至于更核心的科技产品，你现在能获得的幻想工造技术也和海盗是一个级别了。,,
relLevelHostileFM,RelationshipLevelDesc,"$faction.rel == HOSTILE
$faction.id == fantasy_manufacturing",FireAll RelLevelMoreDescription,很少有非卢德信徒能够收到这等待遇，幻想工造认为你的恶劣程度已经足以让结界里外的住民把你劈成两半了。但是这些没什么干涉欲望的人(?)们也没什么动力去追捕你，所以你只要不主动接近她们的控制区域就不会有什么危险。,,
relLevelVengefulFM,RelationshipLevelDesc,"$faction.rel == VENGEFUL
$faction.id == fantasy_manufacturing",FireAll RelLevelMoreDescription,"尽管表面上风平浪静，但是你的行为已经基本算是触碰到幻想工造的底线了，对你的处理方式现在已经作为""保持最大限度的克制""的一个典型案例被归档。
而更不幸的是，你先前所有通过正规渠道获得的幻想工造制品现在不知为何全部失效了，甚至是储备的小零食都不知为何被压得碎碎的，一点也不香脆了。",,
relLevelNeutralFM_CommissionedFM,RelLevelMoreDescription,"$faction.rel == NEUTRAL
$faction.id == fantasy_manufacturing 
$player.commissionFactionId == fantasy_manufacturing",,你们彼此似乎都忘记了雇佣关系，不过好像这也没什么大不了的...,,
relLevelFavorableFM_CommissionedFM,RelLevelMoreDescription,"$faction.rel == FAVORABLE
$faction.id == fantasy_manufacturing 
$player.commissionFactionId == fantasy_manufacturing",,幻想工造建议你熟读她们发来的雇佣舰长手册，并贴心的提示你要和那些非人类的同事们好好相处。,,
relLevelWelcomingFM_CommissionedFM,RelLevelMoreDescription,"$faction.rel == WELCOMING
$faction.id == fantasy_manufacturing 
$player.commissionFactionId == fantasy_manufacturing",,无论是非人类还是人类你都应付的很好，就算是最电波的妖怪与你也能开心的交流，因为幻想工造本身并不面临什么巨大的威胁，像这样作为雇佣舰长生活似乎还蛮惬意的。,,
relLevelFriendlyFM_CommissionedFM,RelLevelMoreDescription,"$faction.rel == FRIENDLY
$faction.id == fantasy_manufacturing 
$player.commissionFactionId == fantasy_manufacturing",,尽管仍然是外部雇佣舰长，但周边那些舰队人士都劝你放弃雇佣兵生活定居{Hakurei}，而你也比以往更深入的接触到了幻想工造中幻想的那一部分，面对有着大妖怪称号的奇人们都能谈笑风生。,,
relLevelCooperativeFM_CommissionedFM,RelLevelMoreDescription,"$faction.rel == COOPERATIVE
$faction.id == fantasy_manufacturing 
$player.commissionFactionId == fantasy_manufacturing",,作为一名雇佣舰长能达到如此高度，即便是在幻想工造都是少见的，与你共事的舰队人士向高层提交了报告，你的名字现已出现在计划中的大型探索舰队中相当靠前的位置。,,
relLevelNeutralFM_Tokiko,RelLevelMoreDescription,"$faction.rel == NEUTRAL
$faction.id == fantasy_manufacturing 
FM_OfficerCheck FM_TokikoOfficerTag",,"""幻想工造的态度? 指挥官先生原来对这种事情很感兴趣吗? 唔...目前的话，似乎和对普通人一样呢。""
—— ""Unnamed"" Tokiko",,
relLevelFavorableFM_Tokiko,RelLevelMoreDescription,"$faction.rel == FAVORABLE
$faction.id == fantasy_manufacturing 
FM_OfficerCheck FM_TokikoOfficerTag",,"""想要搞好关系呢...是件好事，不过我个人有时候会觉得这样的过程真是很困难...或许还是因为我本身常常弄巧成拙吧。""
—— ""Unnamed"" Tokiko",,
relLevelWelcomingFM_Tokiko,RelLevelMoreDescription,"$faction.rel == WELCOMING
$faction.id == fantasy_manufacturing 
FM_OfficerCheck FM_TokikoOfficerTag",,"""不知道是由于科技太发达了还是某种世界的力量，看起来星域的势力关系要比人际关系直观多了...啊，差点忘了，恭喜指挥官先生进入了新的合作阶段哦?""
—— ""Unnamed"" Tokiko",,
relLevelFriendlyFM_Tokiko,RelLevelMoreDescription,"$faction.rel == FRIENDLY
$faction.id == fantasy_manufacturing 
FM_OfficerCheck FM_TokikoOfficerTag",,"""友好? 这个词的程度级别原来有那么高吗?""
—— ""Unnamed"" Tokiko",,
relLevelCooperativeFM_Tokiko,RelLevelMoreDescription,"$faction.rel == COOPERATIVE
$faction.id == fantasy_manufacturing 
FM_OfficerCheck FM_TokikoOfficerTag",,"""所谓合作到底是一种怎样的态度呢...唔，我在想的是人和人之间的，比如我现在与指挥官先生应当算是'合作'这种关系吧?""
—— ""Unnamed"" Tokiko",,
#END factions,,,,,,
,,,,,,
# commission,,,,,,
CMSNTextRejectHostile_FM,CMSNTextRejectHostile,$faction.id == fantasy_manufacturing,,"""如果你能在这种情况下找上我们并问出这种问题... 我想确认你到底是不是来羞辱我们的...""",,
CMSNTextHasOther_FM,CMSNTextHasOther,$faction.id == fantasy_manufacturing,,"""你已经与 $theOtherCommissionFaction 签订雇佣协议了, 所以我们有充足的理由拒绝您加入的请求。",,
CMSNTextUnsuited_FM,CMSNTextUnsuited,$faction.id == fantasy_manufacturing,,"""非常抱歉我们无法通过你的请求，这需要我们之间更加密切的配合才行...""",,
CMSNTextSuitedPart1_FM,CMSNTextSuitedPart1,$faction.id == fantasy_manufacturing,,"""唔，很好，你的所有资料都符合我们的要求，我们正需要你这样的人才来创造两个世界共同的未来。

但无论如何，签订雇佣协议都是一个非常严肃的决定，这代表你已经完全认同了幻想工造的相关理念，并愿意为坚守自己的信念付出。

尽管你随时可以辞去职务，但这将会被视作放弃信仰的证据，对你今后与幻想工造的关系造成恶劣影响。""",,
CMSNTextSuitedPart2_FM,CMSNTextSuitedPart2,$faction.id == fantasy_manufacturing,,"""看来你的信念已经足够坚定，如果确认无误的话，请在这份文件上签字。""",,
CMSNTextWelcomePart1_FM,CMSNTextWelcomePart1,$faction.id == fantasy_manufacturing,,"""那么，欢迎进入幻想，人类。

贤者在上，奇迹将伴你而行，而我们也会是你坚实的后盾。""",,
CMSNTextWelcomePart2_FM,CMSNTextWelcomePart2,$faction.id == fantasy_manufacturing,,"""愿幻想与你同在。""",,
CMSNTextChangeMind_FM,CMSNTextChangeMind,$faction.id == fantasy_manufacturing,,"""我能明白并非所有人都有相应的觉悟，适当的退缩也许并非坏事。

那么, 我还能为您效劳些什么?""",,
CMSNResignAskToConfirm_FM,CMSNResignAskToConfirm,$faction.id == fantasy_manufacturing,,"""看来你已经做好了相应的觉悟... 不过你确定不需要再想一想吗？这可是为了两个世界共同的未来而工作。.""",,
CMSNResignConfirmed_FM,CMSNResignConfirmed,$faction.id == fantasy_manufacturing,,"""好吧，看来你也许找到了比维护幻想工造更加符合你性格的工作。

你现在已经可以离开了。""",,
CMSNResignCancelled_FM,CMSNResignCancelled,$faction.id == fantasy_manufacturing,,"""明智的选择，我想在今后奇迹也会一直眷顾着你的。""",,
#END commission,,,,,,
,,,,,,
# aiCores,,,,,,
aiCores_turnInResponseFM,AICoresTurnedIn,$faction.id == fantasy_manufacturing,FireAll PopulateOptions,"""虽然结果很好，但我还是想问一句，你们这种人通常不应该把这些式神据为己有存在货舱才对吗？""",,
aiCores_turnInOptionSelFM,DialogOptionSelected,"$option == aiCores_startTurnIn
$faction.id == fantasy_manufacturing",FireAll PopulateCoresTurnInOptions,"""嘛，毕竟那一侧的学者们一直在吵着这种闪闪亮亮的核心算不算式神...如果你愿意提供这些东西给我们作为科研之用我们将会给予你应得的报酬。""",,
#END aiCores,,,,,,
,,,,,,
# TokikoEvent,,,,,,
Tokiko_patherGreeting,PickGreeting,"$FM_Tokiko_isPather score:1000
$FM_Tokiko_timer >= 15","ShowPersonVisual
CallEvent $FM_Tokiko_eventRef prepare
$talkedTo = true
","通讯界面中的{$post}对你的到访表现出了十足的冷漠。

""有何贵干，雇佣兵?""","0:Tokiko_patherText01_Op:""你们最近抓获了一个我相当感兴趣的囚犯，而我这里正好有一笔好交易。""",
Tokiko_patherGreetingTalked,PickGreeting,"$FM_Tokiko_isPather score:1000
$FM_Tokiko_timer >= 15
$talkedTo","ShowPersonVisual
CallEvent $FM_Tokiko_eventRef prepare
",通信界面的左径分子白了你一眼。,"0:Tokiko_patherText03_Op:""你真的不再考虑考虑?"" 
1:cutCommLink:切断通讯连接",
Tokiko_patherText01,DialogOptionSelected,$option == Tokiko_patherText01_Op,,"""此事免谈，我们只要求幻想工造释放我们的同志，唯有此等忏悔才能换来那非人邪物的自由。""

屏幕前的{$Rank}没有丝毫动摇地给出了答复。


","0:Tokiko_patherText02_Op:""好好想想，我的骑士大人，这个普通的舰队指挥官是换不来你的同志的，相比妥协，幻想工造更倾向于派遣一支舰队来摧毁你们""",
Tokiko_patherText02,DialogOptionSelected,$option == Tokiko_patherText02_Op,,"""正义绝不会屈服于暴力，而这亵渎神圣的非人存在也必将永世被羁押于监牢当中，而我也将在这牢狱前誓死守卫!""

通信界面的左径头目仍然冥顽不化。","0:Tokiko_patherText03_Op:""那么多少星币才能换来这个一时迷途的少女的第二次机会?""",
Tokiko_patherText03,DialogOptionSelected,$option == Tokiko_patherText03_Op,"FireBest Tokiko_disableIfCanNotPayTrigger
FireBest Tokiko_disableIfCanNotPaySpTrigger
SetShortcut cutCommLink ""ESCAPE""
SetStoryColor Tokiko_paySpsText01_Op","""我已经说过了，无论是金钱诱惑还是胁迫都对我们没用，我们将贯彻正义直到最后!""","0:Tokiko_rescueText01_Op:""那咱们走着瞧""(需要至少{$FM_Tokiko_MarinesRe}名陆战队)
1:Tokiko_paySpsText01_Op:""好吧，{$personName}$brotherOrSister，看来你没能通过卢德的考验""(共需要{$FM_Tokiko_spsRe}故事点)
2:cutCommLink:切断通讯连接",
Tokiko_disableIfCanNotPay,Tokiko_disableIfCanNotPayTrigger,!CallEvent $FM_Tokiko_eventRef canRescue,"SetEnabled Tokiko_rescueText01_Op false 
SetTextHighlightColors bad 
AddText ""你需要至少{$FM_Tokiko_MarinesRe}的陆战队进行救援任务"" 
SetTextHighlights $FM_Tokiko_playerMarines",,,
Tokiko_disableIfCanNotPaySp,Tokiko_disableIfCanNotPaySpTrigger,!CallEvent $FM_Tokiko_eventRef canPaySp,SetEnabled Tokiko_paySpsText01_Op false ,,,
Tokiko_rescueText01,DialogOptionSelected,$option == Tokiko_rescueText01_Op,ShowDefaultVisual ,"你关闭了通讯界面，同时命令电子战小组和传感器军官集合。

""我们早就猜到会发生什么了，{$PlayerSirOrMadam}，""电子战小组的负责人说，""虽然左径的低科技行动方式在相当程度上限制了我们对于情报的获取，但这一次的情况还算不错，在谈判的时候我们已经筛选出来了最可能包含监狱的几个区域。""

与之相对的，传感器军官则更为冷静小心。 

他提醒你，尽管能确定关押地点的大致位置，但若要具体的找到监狱所在并策划营救行动，则无论如何都要派遣舰船在低轨道进行扫描。 ""电子战和干扰能在侦察扫描阶段发挥功能，但我不能保证当行星防卫力量被完全激活时它们仍能阻止左径向我们开火。""",0:Tokiko_rescueText02_Op:组织低轨道扫描并试图制定行动方案,
Tokiko_rescueText02,DialogOptionSelected,$option == Tokiko_rescueText02_Op,,"得益于卢德左径松懈无能的轨道防御和电子战小组加上传感器军官的努力，你成功的进行了扫描，甚至派遣了侦察穿梭机进行了抵近侦察。

根据这些宝贵的数据，你和陆战队军官们迅速完成了作战方案。",0:Tokiko_rescueText03_Op:命令所有部队按计划准备行动,
Tokiko_rescueText03,DialogOptionSelected,$option == Tokiko_rescueText03_Op,"ShowImageVisual bombard_saturation_result
","你在舰桥上目送各个战术小组的突击穿梭机出发，并亲自指挥仍位于低轨道上的舰船向行动空域散布干扰箔片并使用常规武器进行火力准备，一切都按计划进行着。 

行动开始后的几分钟内，最先且最隐蔽着陆的通信压制组就切断了监狱与其他部分的联系。 接着，主力部队在舰船的火力掩护下成功着陆，并顺带移除了路上的几个防空单位，最后，搭载医疗队和少量部队的营救穿梭机从低轨道出发直奔监狱，而主力部队也开始攻入监狱内部。

在监狱内部，你的部队多少花了些时间排查左径方面为了拖延时间而部下的陷阱，这让你有些担忧左径的反击，不过，少女已经被送上救援穿梭机且一切平安的消息还是让你稍稍松了一口气。 
",0:Tokiko_rescueDone_Op:开始回收地面部队，并做好迎击防空火力的准备,
Tokiko_rescueDone,DialogOptionSelected,$option == Tokiko_rescueDone_Op,"CallEvent $FM_Tokiko_eventRef Rescue
ShowDefaultVisual 
EndConversation","正如预料，突击部队返航时，还是出现了一些小小的麻烦，周边地区的几个防空单位已被激活，并对你的舰船进行了几次射击。 

尽管最终并未造成任何实质人员伤亡，这仍然使得收容返航部队时出现了不小的骚乱。 趁着防空火力尚未完全进入状态，你赶紧撤离了这里。

整个行动过程并未造成任何人员死亡，这让你十分欣慰和惊奇。

",,
Tokiko_paySpsText01,DialogOptionSelected,$option == Tokiko_paySpsText01_Op,,"面前的左径分子瞪大了眼睛。 在$heOrShe反应过来反驳你之前，你抢先吟诵了起来。

""卢德曾缔造和平，为了不信者的救赎与悔改，甘愿从信徒的手中保护那不信者。 这是何等的高尚!""

""然而，你自称卢德的追随者，却被恶魔所腐化，连卢德的精神之路都背弃了!""

接下来，你故作威严的将双手合十，摆出了标准的卢德祷告姿态:""卢德在上，请启示我如何拯救这个被恶魔所掌控的可怜人! 将他从暴力的堕落深渊中救起，就如同你曾做过的那样?""",0:Tokiko_paySpsText02_Op:保持这个充满威严和神圣的姿势等待左径分子的回复,
Tokiko_paySpsText02,DialogOptionSelected,$option == Tokiko_paySpsText02_Op,SetStoryColor Tokiko_paySpsDone_Op,"屏幕中的左径分子颤抖了起来。

""请启示我吧!""他痛苦的叫喊起来，""告诉我如何才能回到正确的道路上? 卢德在上，我竟如此迷惘以至被恶魔所诱惑迷乱!""

正如预期，这一番""虔诚""而""深刻""的话语让你完美的扮演好了一个卢德神父，接下来要做的事情自然是""引导""这个""迷途羔羊""，""重回正道""。

你摆出了一副睿智而慈爱的神情，解释着卢德的慈悲和仁爱，并告诉$heOrShe作为一个先知的追随者，应当如祂一样温和待人，给罪人以宽恕。","0:Tokiko_paySpsDone_Op:""接下来，从牢狱中释放那个不幸被恶魔附身的可怜人，并收下这应许的{$FM_Tokiko_creditsRe}星币作为报酬，宽容的我主欢迎你回归正道""",
Tokiko_paySpsDone,DialogOptionSelected,$option == Tokiko_paySpsDone_Op,"CallEvent $FM_Tokiko_eventRef paySpForRescue
ShowDefaultVisual 
EndConversation","左径分子感激的关闭了通信界面，几分钟后，你收到了一艘穿梭机的收容请求。

在几名左径成员的护送下，那个熟悉的带翼少女身影走下了穿梭机，在进行了必要的交接仪式之后，你目送左径的穿梭机返航。",,
,,,,,,
# KutakaEvent,,,,,,
FM_KutakaFirstTimeMeet_Greeting,PickGreeting,"$FM_KutakaFirstTimeMeet score:1000
","ShowPersonVisual
ShowSecondPerson FM_KutakaTest
CallEvent $FM_Kutaka_eventRef prepare
$talkedTo = true
","emmmmm

""ayaya？""","0:KutakaFirstTimeMeet_Greeting_Op:""测试ayaya""",
FM_KutakaFirstTimeMeet_Done,DialogOptionSelected,$option == KutakaFirstTimeMeet_Greeting_Op,"CallEvent $FM_Kutaka_eventRef done
ShowDefaultVisual 
EndConversation","测试完成",,