id,name,short,desc,cost,isBonus,isGolden,spritePath,effectPlugin,extra1,extra2,source,tags,spriteAuthor
,,,,,,,,,,,,,
FM_FateOfSixtyYears,彼岸花开,大崩塌后二百年的裁决,船员雇佣费用提升至{%s}星币，所有设施的船员供应量根据市场规模从大到小分别减少{%s}/{%s}/{%s}。,2,FALSE,,graphics/icons/ungp/FM_FateOfSixtyYears.png,data.ungp.FM_FateOfSixtyYears,,,幻想工造,,game-icons.net
FM_PointdeviceMode,绀珠之药,纯化的生涯,己方舰船的每个D插件将对自身造成{%s}的射程减少。,2,FALSE,,graphics/icons/ungp/FM_PointdeviceMode.png,data.ungp.FM_PointdeviceMode,,,幻想工造,,game-icons.net
,,,,,,,,,,,,,
,,,,,,,,,,,,,
,,,,,,,,,,,,,
