id,type,text1,text2,text3,text4,notes
,,,,,,
FM_Rotation,SHIP,"幻想工造舰队的某种起点，旋转-级配备了相对于护卫舰来说相当强大的能源系统和武器槽位，并整合了一套基于灵能技术的广域支援战术系统，使其具备了替其他舰船承受伤害的能力，她也因此成为了大型舰队战的常客。

作为结界内外早期技术合作的典范的旋转-级，以当代眼光来看，似乎略显保守: 基于扩展纪元的突袭学说而设计的高机动舰体和能量武器槽位，并简单的将源自结界之内的灵能科技作为战术系统和内置插件安装。但是这种简单的设计却十分的通用可行，在很大程度上弥补了扩展纪元轻型舰船于大规模作战中的不适应。对她的各类测试研究为后续幻想工造独特舰队学说的创立打下了基础。

值得一提的是，尽管其早期型号并未安装无人机系统，但是在结界内侧的一些重要人士推动下，当前的星域中的所有同类舰船均已搭载了被称为毛玉的辅助无人机。于是，在战场之外，各类庆典节日上，也常常能见到她与无人机一同出场，借助其本身优异的大气内机动性能和毛玉华丽的弹幕为观众带来极佳的视觉享受。

旋转-级的船员和指挥官在文艺作品中的形象常常与献身和牺牲精神挂钩，或许是沿用了结界内侧的某些传说与故事。

和其他幻想工造的舰船一样，似乎受到了一些模因污染。",,,,
,,,,,,
FM_Firefly,SHIP,"围绕着中型通用插槽而构建的多用途护卫舰，配有与常规扩展纪元护卫舰性能相当的能源核心和辅助用的小型武器槽位，由于其结构与维护简单而常用于低烈度作战，但有时也会在大型战场上执行导弹支援与骚扰的任务。相对不错的机动性能和投射主动诱饵程度的能力保障了其生存性能。

历经多次修改的萤火虫-级最初是一个不被看好的项目。立项于幻想工造重新暴露于星域的前夜，为低烈度治安维稳任务而设计的她，是在结界内侧的民间组织强烈要求之下才免于被裁撤的命运的。尽管相对那些得到了幻想工造官方支持的项目来说，该项目的资金与技术支持都相当紧张，但因为某个才华横溢的外界青年设计师和他那来自结界里侧的助手(后来的妻子，据传并非是人类)的原因，这个历经曲折的项目最终完成的相当完美，此后相关题材的文艺作品也层出不穷。

其具体技术细节也证实了以上故事的真实性，将常规的扩展纪元军用护卫舰标准的战斗性能与仅仅和高级民用护卫舰相当的后勤效率结合到一起，并且装备了不那么华丽但是泛用的主动诱饵系统，让这艘船在其本职工作上表现得相当良好。而当需要参与大型战斗时，也能凭借优秀的通用武器槽和灵活的机动对那些小瞧虫子的家伙予以制裁，大规模使用时更是令人印象深刻。

和其他幻想工造的舰船一样，似乎受到了一些模因污染。",,,,
,,,,,,
FM_Rabbit,SHIP,"作为小型舰队中坚一般的存在，配有相当标准化的武器和能源系统，轻盈快速，火力强大，同时还具有散布轻型空雷场的能力，因此尤其的擅长中小规模战斗。

设计于幻想工造被重新暴露之后，以结界外侧的几种著名护卫舰为参考，作为应急舰船快速设计而成。虽然保留了许多常规护卫舰的特性比如小型导弹武器，但从某种意义上讲，兔子-级真正的启发了当代幻想工造舰队学说。依靠战术系统所提供的灵活打击能力和自身的武装，将护卫舰的持续火力等级提升到了全新的层面，并且在此基础上保留了源自扩展纪元的卓越机动性能和还算靠谱的护盾防护。

面对自那时以来卢德左径不断的袭击时，兔子们始终活跃在最前线。在生产早期，其产能曾一度达到接近民用穿梭机的级别。但是随着舰队多样化方针的展开，当初兔兔们的角色如今正逐渐被越来越专业化的舰船所承包。不过仍然有大量兔子-级进入民用领域或退居二线承担军事教学任务，发挥她们那独特的能力，就如同星域中那些常规护卫舰一样，老兵不死。

和其他幻想工造的舰船一样，似乎受到了一些模因污染。",,,,
,,,,,,
FM_Parasol,SHIP,"一种昂贵先进的武装货舰，注重单独作战的操控性而安装了相对不那么常规的混合类武器槽位，基础性能也已经达到了军用护卫舰的标准，加上难以获得等因素，其在地下运输界几乎没有市场。

但这种性能过剩的设计仍有其用武之地：对那些买不起大型勘探船的小测绘者们来说，唐伞就是他们的保姆。依靠高度自动化的操作系统，她仅需少量船员即可轻松驾驭。充足的油料与货物空间，为大气内行动而做的空气动力学设计，以及卓越的机动性，让其在行星探索侦察方面具有相当的效率。而合理的武装配置和支援无人机如果使用得当也能轻松的击退在外环没事找事的海盗，可谓是万能的舰船。

正因为其在注重勘探和编故事的民间探索组织的人气，唐伞在流行文艺作品和宣传当中有一个相当可爱的少女形象，尽管似乎融入了很多结界内侧的诸如付丧神等等的传说，但外界对这个虚拟形象的二次创作和热情却有增无减。不过不知为何，通信网络上也盛传着这少女并非虚构一类的都市传说。

和其他幻想工造的舰船一样，似乎受到了一些模因污染。",,,,
,,,,,,
FM_Egret,SHIP,"具有惊人灵活性的高速航母，相当侧重于轰炸打击，自身也拥有一定的远程支援能力，但若是缺少掩护，她的缺少持续压制能力的弱点将暴露无疑。

幻想工造舰队学说中航母打击理论的代表，延续发展了扩展纪元学说的鱼雷打击理论，并将其安置在全新的高机动平台上。尤其的，其先进的的战术系统}孤翼白鹭}和与天邪鬼等先进轰炸机组合时能爆发出惊人的高效率。

不过虽然作为主力打击力量而大量应用，其战术系统也有助于保护飞行员，白鹭在基层的风评与口碑却与想象当中的好评相去甚远，尤其是在那些结界内侧船员占比较多的舰队中，普遍出现了孤翼白鹭会影响运气等等传说。内务部门曾经多次对这些情况进行过批评教育，要求”破除迷信”，但结果上似乎并没有什么用，尽管数据表明该型舰船的人员伤亡率实际上十分优秀。

和其他幻想工造的舰船一样，似乎受到了一些模因污染。",,,,
,,,,,,
FM_Puppeteer,SHIP,"轻盈快速而优雅的小型航母，拥有两个标准飞行甲板和对应的整备设施以及优质的护盾，在所有距离上都能组织起足够的舰载机进行作战，并同时具有能减少对手反抗的能力。

完全不同于赶牛人和秃鹰等星域常见的航母，傀儡师具有相当优雅的流线型外表与锦上添花的空气动力学设计。若是以人来形容其外表气质，或许只有用少女一词才能完美的将这一切表达。而另一方面，作为兵器的傀儡师-级在杀戮方面更是干净利落，尤其是结合了结界内侧技术用以干扰反制敌方}PD}武器的战术系统与内置的特殊化插件，这二者的组合令她能在近距离上指挥舰载机轻松撕碎目标。

尽管各种迹象表明这个结界内侧深度参与合作的设计在许多方面，例如内置插件上，似乎对飞行员等甚至舰船指挥官有着相当的负面精神影响，但仍然有相当多的船员乐于在这一型舰船上服役。也许正因为如此，流行文艺作品当中傀儡师的舰载辅助}AI}常常被描绘成对某人具有病态的执着以至于对其施加精神干扰的少女。

和其他幻想工造的舰船一样，似乎受到了一些模因污染。",,,,
,,,,,,
FM_Aya,SHIP,"幻想工造小型舰船的典范，将优异的机动性能和灵活但数量较少的武器阵列与无人机中队相结合，加上在短时间内如风神般从相位空间疾行而过程度的特殊能力。使其在面对所有类型的敌人时都具有一战之力。

在对扩展纪元突袭学说的进一步发展与不可避免地一些离经叛道之后，结合了少量相位技术建造而成。文-级牺牲了不少的装甲防护与结构强度，换来了驱逐舰级别中罕见的高速高机动。同时依照幻想工造本身的理论，依靠无人机补充了持续性火力。而且不同于被嘲笑为”玻璃大炮”的诸多扩展纪元舰船，其本身的能源系统和护盾仍足以支撑其与更强大的敌人周旋，加上本质上能够保证随时撤退的战术系统，即便是经验不甚丰富的船员也能多多少少的发挥出该舰的能力。

文-级对于当代幻想工造舰队学说的形成同样至关重要，尽管实际上设计于幻想工造暴露之前，但基于她的作战经验确实证明了持续火力压制设想和不依靠大量小型槽位执行}PD}任务的可能性。也正是因为这样重要的历史地位和相对简洁干净的形象，她的投影常常被作为幻想工造舰船的非官方标识。

在文艺作品中，尽管不如那些常常作为主角坐舰的更神秘先进的舰船，她的出场率仍然相当之高。”毕竟有谁不喜欢帅气的小乌鸦呢?”

和其他幻想工造的舰船一样，似乎受到了一些模因污染。",,,,
,,,,,,
FM_Miko,SHIP,"在星域中所能找到的最珍贵的量产驱逐舰之一，集成了灵基框架的二色蝶有着超出大部分幻想工造舰船的武器适应性和相对传统的高机动性能，这种非典型的设计让其在执行高危任务时如鱼得水。

始于一个基于结界内灵能科技的跃迁系统改进项目，在近乎令好几个结界外侧的工程师精神失常之后被大部分转交结界内侧开发。尽管最初外界方面仍然对此安排抱有相当的不信任，但当其最终设计完成时，几乎所有人都被其令人惊叹的性能所震惊，怀疑与反对的声音也烟消云散。

同时和扩展纪元设计中那些不顾船员生活质量而强行采用尖端技术的舰体不同，二色蝶虽然和大部分结界内侧大量参与设计的舰船一样具有匪夷所思的内部结构，但大多数船员仍然能够相对安心的于这型舰船上保持正常的精神状态任务。不过另一方面，或许是由于灵基框架的某些神秘作用，部二色蝶-级的成员经常会报告他们见到了一系列不可思议的事情。其中最有名的莫过于据传于 193 年发生在 Blazing Hell 附近，一颗预定将撞击地表的大型小行星和当时正在进行早期测试的二色蝶级原型舰突然发生了某种共鸣现象，导致其轨道偏转避免了撞击。

和其他幻想工造的舰船一样，似乎受到了一些模因污染。",,,,
,,,,,,
FM_Witch,SHIP,"为追求火力的极限而设计，她是如此脆弱又如此致命，以至于被认为是幻想工造版本的超级弹涂鱼MK2。

由结界内侧负责武器系统与外形，外界负责战术系统，能源核心和航电设备，带有明显的结界内外合作项目特征，侧重打击能力的驱逐舰。也正是这个原因使得其反舰武装配置上无论怎么处理都相当激进，战术系统虽然保守却总是相对有效。

然而，尽管外界方面竭尽全力为她安装了还算不错的护盾和幅能系统，但由于结界内侧在武装与外观设计等事情上花费了过多的预算，这艘舰船在战斗中仍然容易在导弹打光之后暴毙，真是可怜的孩子呢...

和其他幻想工造的舰船一样，似乎受到了一些模因污染。",,,,
,,,,,,
FM_Konpaku,SHIP,"体积较大但十分迅捷的轻型巡洋舰设计，拥有令人印象深刻的能量武器阵列，可爱但是危险的无人机，和相当高效的常规引擎，在猎杀小型目标的任务上有着独到的价值。

魂魄-级是一个在研究学习了多个扩展纪元巡洋舰设计后，由几个来自结界内侧看起来不大像人类的工程师发散思维建造出原型，再最终由外界的几个年轻技术员调校而成的奇怪设计。虽然总体符合幻想工造的持续火力理论，但其主要角色仍然与传统的扩展纪元轻型巡洋舰有所重合: 依靠强大的能源系统和机动能力配合多用途的能量武器压制敌方轻型舰船。但是若对二者进行对比，魂魄-级缺乏爆发杀伤的负面作用就会相当明显了，面对真正的重型单位时往往只能凭借机动性和能源系统自保而不能主动发起反击。

或许是由于常常作为轻装舰队旗舰解决小规模冲突而出现在公众视野当中，具有简洁干净外貌的魂魄在一般民众当中具有相当高的知名度。因此魂魄常常能在通信网络上一些奇怪的人气投票中拿到第一，甚至有传言表明，魂魄在海盗和左径分子内部的一些类似活动中也极具人气。

和其他幻想工造的舰船一样，似乎受到了一些模因污染。",,,,
,,,,,,
FM_Satori,SHIP,"尽管常常担任辅助与支援任务，觉本质上是一种多用途巡洋舰，灵活的武器阵列使得其无论在大小规模的战斗中都能充分的发挥作用。

作为少数在幻想工造暴露前便已经设计完成的大型舰船之一，觉-级在一定程度上也是一个预算奇迹。在大部分资金被用于经济建设和小型舰船设计的情况下，主要由外界人员组成的设计团队通过从结界内侧挖掘人之领时代技术遗物等手段，成功的用略显不足的资金的使她的基础性能达到了预期之上。另一方面，由于得到了结界内侧的个人与民间组织的大力支持，觉-级的战术系统和内置模块开发的也相当顺利。(虽然中途还是令不少外界参与者受到了不同程度的暂时性精神伤害)

在暴露之后日子里，觉-级一直担任有支援轻装舰队打击海盗和左径分子的任务，或许是由于其战术系统的威慑力，对她的恐惧如今已是地下世界的常态了。

和其他幻想工造的舰船一样，似乎受到了一些模因污染。",,,,
,,,,,,
FM_Yagokoro,SHIP,"幻想工造舰队中无可争议的顶级舰船，灵活而高效的多用途主力舰，但想要充分发挥其能力，必须要有一个足够优秀的指挥官。

虽然在幻想工造暴露之前，大部分的研发资金都被投入了小型舰船的开发，但八意-级作为重新暴露时的应急预案，还是获得了足够的资源以坚持缓速开发，也正是因为这个条件，再接触之前该舰的大部分结构均已设计完成。而真正的暴露与再接触发生之后，该项目便顺理成章的得到了最高的优先级并得以快速实战化。

从设计上来看，八意在一定程度上继承了扩展纪元学说的大型航母与舰载机集中应用理论，同时吸收了一些典型的战列舰元素。这种混合式的设计加上源自结界内侧的先进辅助}AI}和被称为无尽长廊的超大型的广域位移装置，赋予了八意顶尖的实用性。

就像结界内侧所流传的故事那样，如今的八意也主要担任着防御与守卫重要目标的任务。而在文艺创作当中，八意-级的指挥官和辅助}AI}则一直被描绘成睿智的长者。

和其他幻想工造的舰船一样，似乎受到了一些模因污染。",,,,
,,,,,,
FM_Miracle,SHIP,"以正面火力和持续压制能力见长的典型幻想工造舰船，具有与其数据不相符合的强大韧性和多样化的战术应用，并且似乎具有创造奇迹程度的能力。

奇迹-级的最初设计几乎与外界无关，毕竟原本她就是作为结界内侧民间组织设计的民用货船而稳健的开发着的。这是一种不安装护盾，仅利用被称为”奇迹之东风”的特殊战术系统保护自身，执行快速航运任务的模块化运输船。但是随着暴露事件的发生，官方开始四处搜索可改用的设计，由于原设计中用于代替护盾的”奇迹之东风”系统不合乎常识的优异表现，奇迹项目很快便被完全的军事化。

得益于先前模块化的设计，奇迹-级足以安装当时幻想工造最为先进的能源系统以及配套的武器阵列，而保留下来的结界内侧参与者则再次对其动力系统和外形进行了优化。最终，这样一型不合常理但是有着独特幻想感的舰船加入到了幻想工造的舰队之中，不断地创造着新的奇迹。

为了纪念这一奇迹般的开发过程，所有的奇迹-级都在特定位置涂装了原先民间组织的简化标志。

和其他幻想工造的舰船一样，似乎受到了一些模因污染。",,,,
,,,,,,
FM_Byakuren,SHIP,"介于战列巡洋舰和战列舰之间的一型舰船，拥有相当强大的持续火力和对主力舰来说相当不错的机动性能，只是目前而言仍然无法称为超人。

真正能够代表当代幻想工造战术理论的新锐舰船，拥有充足的持续火力和相对灵活的装配方案，其舰体结构紧凑，防御能力则主要依靠其高效的护盾和自身机动性能。但从后勤的角度来说，造价昂贵难以维护的白莲明显不适合大规模建造使用。更不用说白莲本身对于指挥官和船员的素质需求相当之高。于是种种因素组合在一起，使得这种舰船在幻想工造舰队中相对少见。

不过无论如何，当白莲-级以迅雷之势冲垮敌方阵线，在近距离倾泻火力的时候，种种反对也就变得无关紧要了。毕竟大家的圣人有更重要的事情要去做。

和其他幻想工造的舰船一样，似乎受到了一些模因污染。",,,,
,,,,,,
FM_Nightbird,SHIP,"有一定程度上的致盲能力的高速电子攻击舰，在支援辅助大型舰船和反制导弹时具有相当的效率，不过这并不意味着她不能以常规舰船的姿态参与小规模战斗。

尽管与幻想工造官方最初设想的，拥有坚韧防御性能的电子攻击舰相比，夜雀的形象几乎是完全不同的，但在夜雀设计团队反复修改和调整之下，她最终以另一种形式达成了原有的要求: 通过极大幅度的削减正规装甲和大规模使用低成本复合材料，让夜雀具备了令人望尘莫及的航速与机动性。多套备用系统和自动化损害管制让该舰几乎能在完全丧失装甲保护的情况下执行任务，而作为其核心的定点ECM系统也能够在相对远的距离上对处理危险的导弹。在这样的舰体设计下，其韧性可想而知。

另一方面，传言当中夜雀项目也伴随着一个奇妙的浪漫故事。不过因为保密条例等遗憾的存在，具体情节如何就只能任君想象了。

和其他幻想工造的舰船一样，似乎受到了一些模因污染。",,,,
,,,,,,
FM_Loupgarou,SHIP,"幻想工造设计中少数真正的支援舰船，真正意义上的弹幕武库。

虽然在立项之初狼人-级并未被设计成为一种搭载大量导弹武器的支援舰船，但随着幻想工造舰队现代化进程的展开，几乎所有的狼人-级都被改装成为了如今的这副模样。然而，尽管进行了如此大刀阔斧的改造，现代的狼人-级仍与早期型号一样质朴可靠，毕竟在这个导弹横行的星域当中，想要保护友军最好的方法就是用更多的导弹抢先击败敌人...

其可靠战友般的表现也影响了相关的文艺创作中狼人-级乘员的形象。他们普遍被描绘成忠厚老实，重视友人的形象，而这一点在结界内侧的创作中尤为流行。

和其他幻想工造的舰船一样，似乎受到了一些模因污染。",,,,
,,,,,,
FM_Hearn,SHIP,"一个十分不同寻常的巡洋舰设计，其战术系统和内置模块都大幅强化了空间优势战机的作战效率，同时自身也具备足够的火力直接作战。

虽然明面上是作为幻想工造舰队学说中对舰队防空与制空作战的巡洋舰级解决方案，赫恩-级在实战当中更常担任的仍是反舰作战任务。由二色蝶-级项目的灵能跃迁系统改制而来的舰载机折跃系统使她能够轻松的将大部分舰载机完好无损的直接传送至敌舰周边造成杀伤。而其自身也具备了基本等同常规驱逐舰的直接火力和相对优秀的能源系统，这足以支持其进行防空和反舰作战。种种因素叠加在一起，令赫恩成为了在中小规模战斗中最令人印象深刻的存在之一。

然而，作为一种由结界内侧主导开发的舰船，赫恩-级的内部结构和战术系统仍然保持着一贯的匪夷所思。虽然并不像其他一些设计有着破坏乘员精神状态的传言，但从统计数据来看，尽管迄今为止并未对任何人造成任何真正严重精神损伤，在赫恩-级上服役的经历确实会提高个人的精神敏感程度。

另外，种种迹象表明，该型舰船受到了更加复杂的模因污染，她的别名”境界学者”很好的证明了这一点...",,,,
,,,,,,
FM_Rumia,SHIP,"融入灵基框架设计的新一代舰船代表，但由于幻想工造对相位舰船的重视不足加上新型舰船本身较低的产量而有些少见。

虽说设计时是直接照搬扩展纪元的相位舰船使用方针作为指导方案，但幻想工造那诡异的技术应用方式最终让该舰变为了和主流相位舰船几乎完全不同的某种东西。

作为第一种整合了灵基框架的舰船，宵暗-级的战术系统设计相当天马行空。得益于灵基框架直接操纵灵能功能和灵子容器的存在，这个被称为暗辉十字的综合武器系统极其罕见的攻守兼备(但其巨大的空间占用也不可避免地导致了常规武器的缺乏)。而这种攻守兼备大大的提升了舰船的韧性，某种程度上弥补了相位舰船最大的短板。不过这同时也是造成她那相对同级相位舰船都略显烧钱的维护费用和诡异的保养难度的一个重大原因。

和其他幻想工造的舰船一样，似乎受到了一些模因污染。",,,,
,,,,,,
FM_Reisen,SHIP,"专注于突袭与骚扰的驱逐舰，尽管正面作战时常常不占优势，但对于那些兼具勇敢与经验的舰长来说，其战术系统启动时残留的红色的幻影便是胜利的标志。

与结界内侧的技术合作在带来了新的战术思想的同时，也给了旧理论进一步完善与提升的机会。虽然设计于幻想工造舰队学说形成早期，但如以传统的扩展纪元学说角度来看，铃仙-级无疑是最为完美的小型舰船: 基于灵能跃迁技术的精准闪现将”出其不意”这一核心思想直接固化进入了舰船本身。再加上能量武器为主的火力配置和一如既往的高机动性能，便不得不承认铃仙与传统扩展纪元舰船的差别有时甚至要小于和其他幻想工造设计的差别。

但另一方面，从即便多次改进加厚过仍然脆弱的装甲与结构到并不太足够用于正面作战的火力，旧理论的缺陷在铃仙身上也体现的相当明显。因此总体来说，要驾驭好这样一艘舰船，仍然需要更加丰富的经验与勇气。

和其他幻想工造的舰船一样，似乎受到了一些模因污染。",,,,
,,,,,,
FM_Baize,SHIP,"历史与知识的代名词，以古老的瑞兽命名，白泽常常奔走于外环星域，寻找着每一丝可能的希望。

与星域中常见的民用舰船不同，白泽并不是为了运输军事补给或民生资源而生的。她被设计出来，是为了发现与传递知识，当下星域中最为宝贵的东西之一。从遗弃舰残破的数据芯片，到被掩埋于尘土之中仅剩躯壳的技术原型，乃至星系角落中休眠的探测器，白泽的任务就是将这一切可能含有大崩塌前技术信息甚至缺失的基础科学内容的实体带回给那些仍然保留着文明的世界，以期望能多少改变现状。

基于以上的要求，白泽的货舱与燃料罐设计更偏向于自持与保障小型舰队。同时，考虑到对大气内探索的需求与外环令人担忧的治安状况，白泽还配备了一个足以支持标准舰载机}LPC}的飞行甲板。但是，在集成了如此多的功能性设备之后，驱逐舰级别的舰体已经不允许再安装更多的自卫武器了。因此尽管拥有相对不错的护盾防护系统，白泽也无法在面对那些灵活而危险的敌人时得到优势。

对于那些曾经丰饶充满生机而如今已文明崩溃的世界来说，白泽的出现往往是文明与秩序回归的前兆。

和其他幻想工造舰船一样，似乎受到了一些模因污染。",,,,
,,,,,,
FM_Bazhiwu,SHIP,"极端的打击舰船，异想天开的在护卫舰上安装了大型能量武器插槽并配备了完全足够的耗散设备以及还算不错的防护，某种意义上算是相当的强大护卫舰。

在结界内外的的代表们为新一代护卫舰的设计扯皮了相当长一段时间之后的最终产物。八咫乌的设计将常规的被动防护与幻想风格的武器系统以一种看起来还不算太坏的方式缝合在了一起。但其优异性能的背后则是倒霉的设计团队被迫超负荷工作的事实。毕竟将大型武器槽位，结界内侧提供的古怪的反应堆，以及为了保证性能而不得不安装的精密电子设备等协调一致，远比想象当中的困难。不过由实战来看，八咫乌证明了该团队的天才。

和其他幻想工造舰船一样，似乎受到了一些模因污染。",,,,
,,,,,,
FM_Bibliophilia,SHIP,"又一种诡异的极端化设计，强调生存性能高于一切，因此具有整个星域中极为罕见的先进护盾与独特幅能系统设计。不过这一切优势所带来的安全感不知为何常常让该舰的指挥官得意忘形而不断作死，最终被愤怒的海盗与左径揍成半残(舰船)。

对于防御型护卫舰的设计与战术应用等问题，幻想工造学院内部核心纪元设计与扩展纪元设计各自的支持者们曾经为此进行过相当的辩论甚至大打出手。秉持着实践精神的双方互相无法说服，而这给了正在寻求新型安保舰船的幻想工造舰队一个完美的机会。随后，两拨生机勃勃的小团体以某种诡异的方式被凑在了一起完成了一个新项目。其成果便是这艘火力看起来和穿梭机一般但防护能力令人望尘莫及的怪异舰船。

得益于一些小把戏和保密工作的成功，舰队方面成功的令两方都相信仅有自己受到了支持，在预算方案上占尽了优势。虽然在最后的系统整合时，负责战术系统的核心纪元支持者和负责舰体与护盾系统设计的扩展纪元支持者最终发现了这些充满槽点的投机举动，但两个团队设计整合后奇迹般的协调性还是让大家迅速的都放下了不满，"可喜可贺，可喜可贺"。

和其他幻想工造舰船一样，似乎受到了一些模因污染。",,,,
,,,,,,
FM_Persuasion,WEAPON,"幻想中的针刺，主要用于压制护盾的仿针刺类脉冲武器，附带有聊胜于无的能源回收系统用于在某些时候将提供压制 PD 的辅助工具。

别名信仰之针，据称是为了纪念传说中英雄的武器。",反护盾,"""有人能解释一下这些彩色的东西是...""",,
,,,,,,
FM_SkySerpent_M,WEAPON,"拥有高载弹量和高装填速率的压制导弹仓，能够高效的抹除大型舰船的装甲并造成相当的困扰。

对旧式反装甲导弹的不满，加上几个结界内侧工程师的奇思妙想，最终造就了这样一种诡异但有效武器。

这种具有惊人灵活性的导弹并未安装有常规弹头，而是采用了一组特殊的一次性粒子加速器。在目标进入杀伤范围后，预装的高穿透性反装甲粒子将以一定规律释放加速，从两侧打击目标装甲。

有趣的是，尽管作为主要用户的幻想工造并不怎么觉得这种导弹高效，但那些海盗和卢德左径们却常常被这种小玩意弄得十分恼火。",反装甲,,,
,,,,,,
FM_SkySerpent_S,WEAPON,"具有广阔杀伤范围的反装甲导弹发射架，对大型舰船相当高效，并具有较高的载弹量用于持续作战。

对旧式反装甲导弹的不满，加上几个结界内侧工程师的奇思妙想，最终造就了这样一种诡异但有效武器。

这种具有惊人灵活性的导弹并未安装有常规弹头，而是采用了一组特殊的一次性粒子加速器。在目标进入杀伤范围后，预装的高穿透性反装甲粒子将以一定规律释放加速，从两侧打击目标装甲。

有趣的是，尽管作为主要用户的幻想工造并不怎么觉得这种导弹高效，但那些海盗和卢德左径们却常常被这种小玩意弄得十分恼火。",反装甲,,,
,,,,,,
FM_Seal,WEAPON,"尽管名称十分诡异且工作原理对一般使用者难以理解，这款能够发射具备一定程度自导能力弹幕的特种等离子炮所具备强大的远程攻击能力在很大程度上弥补了不少星域普通武器的空缺。

许许多多的都市传说爱好者热衷于研究召灵仪的制导能力是从何而来的，不过到目前为止，大部分的解释设想都因为比官方描述更加神棍而难以被广泛接受。",远程支援,,,
,,,,,,
FM_DesireAccelerator,WEAPON,"同样令人费解的远距离支援武器，能在极远的距离上投射具备相当威胁的自导能量束，然而其高昂的不成比例的幅能代价总是让人望而却步。

尽管整体的运作过程与星域中常规的冲击波类武器相差不多，但由于在将等离子体化的高能介质导向发射前的最后一步经历了一些灵能处理，使得这种武器射出的弹头具备有自导性能。

于是基于这一点和其令人浮想联翩的命名，欲望加速器也和很多幻想工造武器一样拥有属于自己的都市传说。",远程支援,,,
,,,,,,
FM_LunaticBow,WEAPON,"正如字面意思是一具电磁长弓，用类似高斯炮的原理发射幻想工造的特殊箭形弹，这种集成了跃迁技术的弹药在命中后将于对应位置折跃能量空雷并引爆，在心理震慑上十分有用。尽管如此，其仍然不能对更重型的装甲造成足够的威胁。

其名可能源自结界内侧的某种传说，主要内容是关于""月之民""和""地上污秽""的故事。",远程打击,,,
,,,,,,
FM_Spark_pd,WEAPON,"火花系列光束武器的最小版本，拥有相对瞬发 PD 更大的电容和更小的单次杀伤力，同时强化了射程。

无论怎么看都是一个相当朴实无华的小型 PD 光束，但因为使用了少量灵能技术来提升电容器效率，在发射时似乎具有提升舰船船员的安全感等玄妙的作用。

即便不相信这些，她独特的发射声效仍然能在战斗中给予疲劳的船员一定的安抚效果。",点防御,,,
,,,,,,
FM_Spark_heavy,WEAPON,"更大一号的火花光束，同样是一种爆发武器，虽然幅能效率还算优秀，但它的电容需要长时间的充能，且反装甲能力更加低下。

许多人都认为这款武器是对相位长矛的一种革命性升级版本，在保留了一定的单轮杀伤性能下拥有了更远的射程和更灵活的电容系统，但事实上，这是对反装甲能力做出了极大妥协而换来的。不过，对于各种小型舰船之间的战斗，这一点也不是缺陷。",普通,,,
,,,,,,
FM_Masterspark,WEAPON,"无与伦比的中距光束武器，尽管幅能糟糕，作为星域最强火力之一仍然不可小视。

完全的依靠输出功率解决一切的武器，只要对准敌人并发射便能起到很好的效果了。

这个特别内置于魔女级驱逐舰的版本附带有特殊的反应堆设计。",压制,,,
,,,,,,
FM_IllusionLaser_S,WEAPON,"尽管具备较远的射程，这种小型幻象激光并不像它的大号同类一样是优秀的反装甲武器。

在武器设计时将炮塔与光学系统设计完全的交给了结界内侧人士所造成的后果就是其光束难以集中伤害，不过由于其能源回路的优良设计，使得这款武器最终仍然进入了服役序列。

",普通,,,
,,,,,,
FM_IllusionLaser_M,WEAPON,"虽然不能集中所有光束，但她所提供的输出功率已经远比战术激光炮和引力子束高了，在反制装甲方面表现优异。

在迷你幻象激光遭到屡次投诉之后的改良产品，拥有更加实用化的光学系统并保留了原先杰出的能源系统设计，并且与其结界内部的原型设计一样擅长近距离作战。",远程支援,,,
,,,,,,
FM_IcicleFall,WEAPON,"标准的反舰脉冲武器，能以较高的速率不断投射部分离子化的能量束，但这一特性总会导致所发射的能量束弹道乃至本体都相当不稳定... 

这款负有盛名的多用途脉冲武器采用了相当传统的方式运作: 通过对气体状态的弹药使用高频激光脉冲激发为不稳定的状态之后，由加速器简单射出。然而由于所使用的气体弹药和脉冲发生器都相当非常规，导致能量束内部成分在飞行过程中往往会随着时间开始互相作用导致弹头解体分裂。不过由于实际作战中仍能达到甚至超过最大射程并命中目标，这种奇异的组合反倒给予了这款武器更多的可能性。",普通,,,
,,,,,,
FM_Hailstorm,WEAPON,"用于中距作战的改进脉冲武器，具备更强的爆发火力。同样通过传统方式发射混合能量束，唯一的问题也许就是充能系统的不稳定。

在进一步的研究与分析了冰瀑脉冲的特性后全新研发出的产品，能量束终于能不那么愚蠢的以奇异的方式分裂而无法命中了，但是相对的代价是能源需求量的大幅度提升...",普通,,,
,,,,,,
FM_Blade_ac,WEAPON,"十分通用且相当暴力的非典型能量炮，其虚刃之名来自于其弹头接近最大射程时完全展开而降低反装甲能力的现象。

从各种意义上说，将如此巨大的能量输出融合进入一款中型能量武器，本身就是十分匪夷所思的，但更令人震惊的则是其可怕的能量效率。然而，不知是由于能量束内粒子的相互作用的原因还是其他，其发射的弹头总是会在较远的距离上解体展开成大量相互独立的次级弹幕。
",通用,,,
,,,,,,
FM_Blade_ac_fighter,WEAPON,"机载版本的虚刃斩波，与常规版本在发射方式上有很大不同，但完全保留了近距离下对装甲的强大威慑力。

虽然其原型武器在近距战斗中饱受好评，但是在移植进入舰载机后效果却总是让人无法满意。最终在遭受了大量投诉与反馈之后，得到了这样一个奇特的改装产物。

尽管有观点表示削减包括次级弹幕生成的灵能机制让其丧失了进一步加强射程的机会，但无论如何这种特化的超近战设计倍证明是简单而有效的。",通用,,,
,,,,,,
FM_Stardust,WEAPON,"一种奇异的中距离支援...或打击武器，将一颗不太稳定的处于活跃状态的反应堆装入特殊容器直接发射出去，在飞行时散布大量自导导弹，具有极高的潜在破坏力。另一方面，理论上，导弹直击敌舰时也能造成不小的破坏，不过实际操作中其凄惨的飞行速度让这一点变得十分困难。

最初设计名称为星尘投射器，其功能是在飞行路径上散布大量非制导的辅助弹幕进行直接打击，但随着更大型的星尘散布器投入测试，该项目便转为使用会被拦截但是更为实用的导弹类次级弹头，而其设计名称也进行了巨大的变动。",突击,,,
,,,,,,
FM_SilverBlade,WEAPON,"时流技术在幻想工造进一步开发下的产物，附加了微型时流回路以一种诡异方式运动的实体弹头能够对护盾目标造成相当可观的伤害。

尽管采用了先进的技术，其射控系统仍然和大部分幻想工造武器一样一点也不完美潇洒，不过实际使用当中并无大碍。",压制,,,
,,,,,,
FM_PetaFlare,WEAPON,"融合了脉冲能量武器和等离子技术，并利用了废旧的反导弹耀斑发射器，具有高度集成性的打击武器。其拥有相当优秀的总体幅能效率和单发破坏力，唯一的缺陷也许是会使舰载弹道计算机受到巨大的伤害。

尽管纸面数据看起来匪夷所思，但是幻想工造利用额外能源制造次级弹幕辅助杀伤的与防护的传统艺能仍然在此武器上发挥良好。同时，因为高单发伤害和优秀总体幅能等更加实用化的特性，这种武器即便在笨蛋手里也能发挥出强大的作用，不过前提是这个笨蛋拥有足够的勇气靠近敌人发射武器，因为其实际的弹头飞行速度比炼狱炮还更加可悲。

",压制,,,
,,,,,,
FM_Nightbugs,WEAPON,"一种疯狂的远程压制武器设计，能在相当远的距离上投射巨量自导弹头自主打击敌舰。尽管设计上面对相对坚固装甲和护盾时效果会显著降低，但只要辅助少量专业装备，便能起到事半功倍的效果。

原本作为点防御武器开发，用于在远处投射大量主动诱饵，但随着幻想工造总体方针的改变而逐渐变成了一种进攻性装备。
",压制,,,
,,,,,,
FM_Opposition,WEAPON,"可以说是把反物质冲击波的单发款安装在一个自动瞄准平台上的犯规操作，这种类似赛博导弹的二阶架构让其拥有极强的突防能力和精确度，然而因复杂度高和不太灵光的自动瞄准设备并不是那么受其他用户欢迎。

作为天邪鬼无人机的标志武器而在星域中闻名。",打击,,,
,,,,,,
FM_Opposition_fighter,WEAPON,"安装于天邪鬼无人机上的机载版本，只有一枚备弹，但威力正常。

可以说是把反物质冲击波的单发款安装在一个自动瞄准平台上的犯规操作，这种类似赛博导弹的二阶架构让其拥有极强的突防能力和精确度，然而因复杂度高和不太灵光的自动瞄准设备并不是那么受其他用户欢迎。

作为天邪鬼无人机的标志武器而在星域中闻名。",打击,,,
,,,,,,
FM_Leaf,WEAPON,"通俗易懂的反舰{PD}两用武器，相对于其原型离子脉冲来说，保留了一定的瘫痪性能，并在反战机与反导弹上得到了巨大的提升。

但相对的来说，其反舰性能尤其是对装甲的效果无异于真的拿植物叶片去对抗护甲。


",多用途打击,,,
,,,,,,
FM_Leaf_fighter,WEAPON,"机载版本的飞叶{CIWS}，取消了弹夹设计并降低了射速以以适应无人机狭小的空间。

通俗易懂的反舰 PD 两用武器，相对于其原型离子脉冲来说，保留了一定的瘫痪性能，并在反战机与反导弹上得到了巨大的提升。

但相对的来说，其反舰性能尤其是对装甲的效果无异于真的拿植物叶片去对抗护甲。


",多用途打击,,,
,,,,,,
FM_LeafFujin,WEAPON,"尽管常常有人怀疑这种极端的速射武器到底有何必要之处，但很明显，有些事情是一目了然的。

作为飞叶掩护单元某种意义上的升级版本，风神叶隐完全推翻了之前的多用途定位，转化为了纯粹的压制武器。依靠复杂精密的电容阵列和基于灵能预知技术的新型火控系统，只要反应堆仍然保持稳定，她便能以惊人的速率制造出一阵风暴。而这裹挟着 EMP 洪流的旋风对任何种类的防护都将一次严峻的考验。


",多用途打击,,,
,,,,,,
FM_AdministratorPD,WEAPON,"尽管带有过于精密，极端复杂，效率低等标签，这种将可疑的幻想技术和光束武器结合起来的产物仍然是在这个级别的武器插槽中最为恐怖的量产反战导弹/战机武器之一。只有那些配备了真正的装甲和坚固结构的导弹与机体才能在其制造的净空区内幸免于难。而对于舰船来说，十七条光辉所产生的巨大软幅能冲击则足以威胁到护盾系统。

通过更换增益介质和重新设计充能系统，幻想工造以射击频率和充能时间为代价，将常规瞬发 PD 激光的效率提升到了一个相当可怕的级别。但由于对广域 PD 武器的迫切需求，该武器最终附加了一份由结界内部专家调整后的灵能跃迁系统，用于将能量空雷传送至当前光束的末端进行杀伤，而正是这一举动重新将这款武器的效率拉回了原处。


",反护盾点防御,,,
,,,,,,
FM_CaptureWeb,WEAPON,"类似于常见的反物质冲击波，遵循""以最小的体积威胁最大级别的舰船""这一思路进行发展而成的产物，在实际应用当中因为意外的辅助性能而广受好评。

尽管在工程上这种武器的所有系统均与能量武器插槽相对应，但从本质来讲她更类似于一种实弹武器与能量武器的混合。从发射方式来看，她使用和轨道炮以及高斯炮类似的技术直接投射实体弹头，具备实弹特性。但另一方面，从杀伤方面来说，她主要依靠其特殊制造的弹头在接触到目标时所爆发出的巨大能量冲击造成伤害。这样的伤害方式在某些时候带来了相当微妙的副产品: 某些时候命中的弹头将会短暂的起到类似熵放大器的作用。这种被幻想工造方面称之为""瘟疫""的独特现象具体原因如今仍未查明。",反护盾点防御,,,
,,,,,,
FM_ClearanceMunitions,WEAPON,"单枚较高当量的能量空雷，能在目标接近时向周围释放灵能冲击。其拥有相对一般感应空雷而言更大的触发范围和更小的体积。

由于其广泛的用途而好评如潮，但是目前一般只能在大妖精的身上见到这种实用的武器，不过也有传言近来正在推进该型武器的普适化。

更多隐藏的功能也许正在开发...
",多用途打击,,,
FM_MikoBuiltIn,WEAPON,"优雅，高效，精准，致命，她拥有一切优点，而代价就是对灵子容器以及二色蝶系统的极端依赖。

在某种程度上，该武器可以算作是一种封魔针的极端特化版本。通过将能源回收系统与灵子容器相整合，并在整个舰体前部构建隙间回收系统，最终使得此武器所产生的幅能都被"吞噬"。而在此基础上，新的粒子加速系统和电容设计保证了该武器高强度高射速开火的能力。

对应的，其缺陷也显而易见，如果没有精密调制的二色蝶系统，其巨大的灵子消耗不出一个电容允许就能耗干一个充满的灵子容器，这些限制最终使得该武器只能作为二色蝶的内置武装进行使用。

这种淡淡的残念正如其来自结界里侧的原型一样。
",通用,,,
,,,,,,
FM_DollsLance,WEAPON,"仅装备于上海机体的变种型{PD}光束武器，采用爆发式的攻击方式迎击从导弹到舰船的各类威胁，有时可能会因为装填时间问题而错失时机。
",点防御,,,
,,,,,,
FM_DollsWire,WEAPON,"仅装备于蓬莱机体的爆发式瘫痪光束，虽然数量较少时效果并不显著，但一旦数量足够便可达到相当强大的瘫痪效果。
",瘫痪,,,
,,,,,,
FM_Petal_S,WEAPON,"多重能量火箭发射系统，能够依序发射不同种类的火箭弹幕，在理想情况下能够造成远超设想的恐怖破坏。

通过完全采用一次性的能源系统，这种本质上的能量武器最终得以安装在导弹槽位上。不过为了节约资金和简化结构，人们最终还是砍掉了原型的能量武器槽位适配。

另一方面，尽管强大的装填充能系统使其能够快速爆发巨量火力，但仍需注意，这种武器的载弹量并不是那么优秀。而其独特的弹道机制和平平无奇的瞄准系统也很容易让这些小小的缺陷变成巨大的遗憾。",通用,,,
,,,,,,
FM_Petal_S_fighter,WEAPON,"多重能量火箭发射系统，能够依序发射不同种类的火箭弹幕，在理想情况下能够造成远超设想的恐怖破坏。这个集成于告春精上的版本具有专门设计过的极高装填速度。

通过完全采用一次性的能源系统，这种本质上的能量武器最终得以安装在导弹槽位上。不过为了节约资金和简化结构，人们最终还是砍掉了原型的能量武器槽位适配。

另一方面，尽管强大的装填充能系统使其能够快速爆发巨量火力，但仍需注意，这种武器的载弹量并不是那么优秀。",通用,,,
,,,,,,
FM_Amanojyak,SHIP,"基于通用化思路而设计出的无人轰炸机，其万能的非传统武器配置足以威胁到任何种类的舰船，但好事者们总是怀疑其护盾发生器和高性能引擎在打击战术中的作用。

一切都充满着对旧式舰队战规律的蔑视，这种轻快致命的尖端轰炸机是幻想工造最为通用的打击单位。但其结构的相对复杂也一定程度增大了整备难度。

和其他幻想工造的战机一样，似乎受到了一些模因污染。",,,,
,,,,,,
FM_Crow_drone,SHIP,"专门设计的配套于文级驱逐舰的无人攻击机，能够提供中距离火力支援。内置了主动诱饵发射器用于抵抗导弹。

和其他幻想工造的战机一样，似乎受到了一些模因污染。",,,,
,,,,,,
FM_Kedama_drone,SHIP,"长期作为舰队吉祥物存在，这种朴实无华的无人机只依靠内置的战术系统和不太灵光的离子炮进行作战，必要时能充当仪式用单位。

和其他幻想工造的战机一样，似乎受到了一些模因污染。",,,,
,,,,,,
FM_Halfghost,SHIP,"拥有奇特的外貌和诡异的行为模式的无护盾攻击机，安装了一门由于技术上的小小变更而只能用于近战的通用能量武器，通过战术系统获得了远超纸面的缠斗性能。

现代版本的半幽灵的前身是一种无人支援机，其设计思路主要是通过去除对于支援机来说不是那么重要的护盾，安装廉价引擎，以及加厚装甲作为防护替代等方式简化整备，控制成本。然而，这一系列实验导致的研发成本飙升和工程团队错误的实验方向最终导致该型支援机的开发失败。

本着对资源的充分利用，失败的支援机原型最终成为了另一种新型战术系统的测试平台，这种结合了时流技术的机动增强系统被意外发现能够在运动轨迹上产生一系列诡异的物理现象，对周边实体造成相当的伤害。于是，原型机被进一步的加厚装甲，并将设计中的远程武器换成了更加具有破坏性的近距特化版虚刃斩波，最终造就了这样一种诡异的攻击机。

和其他幻想工造的战机一样，似乎受到了一些模因污染。",,,,
,,,,,,
FM_Fairy,SHIP,"重型拦截机，牺牲了机动性以便安装了护盾和相对其他拦截机更远的光束武器，在反制小型单位上优势较大，不过对于护航任务并不有用。

虽然脆弱但作为妖精系列的基础型仍被广泛应用。

和其他幻想工造的战机一样，似乎受到了一些模因污染。",,,,
,,,,,,
FM_Fairy_ice,SHIP,"改进自妖精常规型，具备更先进的护盾与更好的反舰武器，同时具备独自制造一片禁飞弹幕程度的能力。

尽管火力强大功能齐全，她在重型火力的打击下仍然十分脆弱。

和其他幻想工造的战机一样，似乎受到了一些模因污染。",,,,
,,,,,,
FM_Fairy_bomb,SHIP,"用于快速打击的的妖精改型，对机动性能进行了强化并尽量的减少了其对整体结构强度以及护盾系统的影响，能够相对容易的接近敌舰以投射一枚至少纸面上威力强劲的能量空雷。

尽管单次投射量较低，但是在数量足够时也能创造出空域封锁的效果，而其增设的轻型耀斑系统也能够在很多方面干扰敌方。不过仍要注意，高烈度作战中该机体的结构仍然会受到相当的威胁...

和其他幻想工造的战机一样，似乎受到了一些模因污染。",,,,
,,,,,,
FM_Fairy_rocket,SHIP,"设计用于在中距离投射大量火箭的压制型轰炸机，和原型一样保有前置护盾，但由于质量的增加而变得相对缓慢。

能够在短时间内将一整个基数的通用火箭弹倾泻而出，并几乎可以保证按照顺序命中那些机动性能足够低下的敌舰。然而，其冗长的整备时间和火箭弹幕单发破坏力的不足，导致其仍然难以威胁到那些拥有真正防空火力的敌舰。

和其他幻想工造的战机一样，似乎受到了一些模因污染。",,,,
,,,,,,
FM_Shanghai,SHIP,"一种相对廉价但是富有威胁性的独特拦截机，安装了爆发式的 PD 光束武器并内置有独特的牺牲协议系统。

同时该机体也是被称为'人偶'的无人战机系列的基本型号。

和其他幻想工造的战机一样，似乎受到了一些模因污染。",,,,
,,,,,,
FM_Penglai,SHIP,"支援特化的无人战机，衍生自上海人偶。这种相对而言十分坚韧的支援战机只要能找准机会便能对舰船子系统造成毁灭性的破坏，然而机载瘫痪武器的种种妥协却可能限制其发挥。

与上海类似的采用了独特的自毁战术系统，不同之处在于蓬莱的战术系统和机体本身一样更偏向于远距离的瘫痪。

和其他幻想工造的战机一样，似乎受到了一些模因污染。",,,,
,,,,,,
FM_surprisingstrike,SHIP_SYSTEM,依靠微型灵能场提高战机的航速与机动性，提高战机导弹的伤害但降低其他战机武器伤害。,战机,,,
FM_windgoddrive,SHIP_SYSTEM,短暂进入相位状态急速前进，并不能够造成伤害...,机动,,,
FM_swordout,SHIP_SYSTEM,内置于魂魄级，启用时提升射速并减少武器幅能产出，唯一的美中不足就是对机动性并无提升。,武器,,,
FM_cursedpd,SHIP_SYSTEM,减少敌方目标舰船的 PD 武器射程，据说因使用了灵能技术还会对敌人造成精神层面的打击。,支援,,,
FM_dumplingstrike,SHIP_SYSTEM,将数颗团子级制导空雷释放在目标区域，对轻型装甲目标造成巨大打击。,支援,,,
FM_misfortuneabsorb,SHIP_SYSTEM,展开特殊灵能场强化一定范围内的友军舰船，但会使自身所受伤害增加。,支援,,,
FM_endlessgallery,SHIP_SYSTEM,这套先进的境界操作设备能将一定范围内的敌方舰船和战机传送到远离本舰的位置，对抛射物无效。,防护,,,
FM_crossborder,SHIP_SYSTEM,跨越境界出现在另一个位置，相比普通的闪现更加灵活。,机动,跨越境界出现在另一个位置，若在残余充能数量仅剩一次时启用时，不消耗次数但必须同时消耗{20%}的{灵子容器}能量，否则不可使用,20% | 灵子容器,
FM_thirdeye,SHIP_SYSTEM,以禁用所有非大型武器并降低机动性为代价，提升能量武器的伤害与射程。,武器,,,
FM_eastwind,SHIP_SYSTEM,原理不明的强大防护系统，能够偏转各种射弹，同时生成大量向周边投射的弹幕'也许真的是奇迹？',防御,,,
FM_byakurensystem,SHIP_SYSTEM,烈焰驱动器的幻想版本，在加速舰船的同时大幅提升舰船质量，但相对而言持续时间更短。,机动,,,
FM_pouncedrive,SHIP_SYSTEM,短时间超载引擎获取极强机动性和更高速度的系统，适用于突袭。,机动,,,
FM_suicidepact,SHIP_SYSTEM,一个内置于'人偶'们内部的特殊协议，强制在机体完整性低于50%时启动，在启动前将会对最近的敌方目标进行定位，之后全力冲刺并在接近敌舰的位置超载能源系统引发小范围爆炸并造成高爆伤害。,舰载机,,,
FM_RemoteSacrifice,SHIP_SYSTEM,一个内置于'人偶'们内部的特殊协议，强制在机体完整性低于50%时启动，在启动前将会对最近的敌方目标进行定位，之后全力冲刺并在相对合适的位置爆发能够造成一定能量伤害和接触式 EMP 的光束。,舰载机,,,
FM_bordercontrol,SHIP_SYSTEM,令人印象深刻的特殊相位空间技术，操纵境界将轰炸机以外的其他舰载机传送至目标舰船附近。,战机,,,
FM_reisensystem,SHIP_SYSTEM,不同于以往的闪现，该系统能进行相当精确的定位，将舰船传送至目标的正后方，并在原位置留下一个红色的幻影，作用时间结束时便会返回原位。,机动,,,
FM_rumiasystem,SHIP_SYSTEM,简单粗暴的启动特制的结界发生器在舰体周边并释放大量类冰晶脉冲弹头和高能射线，相当直接的伤害敌舰。,打击,,,
FM_Kedama_drone_system,SHIP_SYSTEM,一种本来用于进行艺术表达的发射系统，现在被用于发射对于小型武器来说当量足够的高爆弹头，以期能辅助母舰。,打击,,,
FM_reactorexcursion,SHIP_SYSTEM,字面意思，将舰船反应堆超载相当程度的提升能量武器的杀伤力，与高能聚焦系统相比拥有相当长的持续时间，但是可能会导致武器在一开始失效一小段时间。,武器,,,
FM_Tatara_drone,SHIP_SYSTEM,发射一架拥有强大防护能力的无人机保护舰船的正后方并提供一定的导弹支援。,无人机,,,
FM_GazeOfSpectre,SHIP_SYSTEM,在目标和本舰之间建立某种短暂的灵能链接，大幅降低目标敌舰的机动性和最高航速，使用时产生大量幅能并无法耗散硬幅能。,支援,,,
FM_Nocturne,SHIP_SYSTEM,在目标位置释放一阵针对导弹的灵能震爆，强制下线效果半径内的所有导弹引擎。,点防御,,,
FM_BlazingStar,SHIP_SYSTEM,以短时超载的方式启用辅助推进器获得一个瞬时的额外速度和短时间内的转向性能提升。,机动,,,
FM_LoupgarouSystem,SHIP_SYSTEM,一种匪夷所思的空雷传送器修改版本，能够将多枚高速 EMP 破片火箭传送至敌舰周围进行打击，需要注意的事情是本系统并未使用任何时流相关技术。,支援,产生{1000}幅能并在目标舰船周围制造{14}枚单发具有{150}破片伤害与{150}EMP伤害并有概率穿透护盾打击的火箭弹,1000| 14 | 150 |150 ,
FM_PhaseRumia,SHIP_SYSTEM,基于灵基框架设计的深度修正版相位系统，在常规相位的效果之外与舰船战术系统有着更特别的联系。,特殊,进入相位状态且相位时吞噬舰船周边的敌方导弹和射弹，被吞噬的射弹与导弹将为{灵子容器}进行充能,灵子容器,
FM_RumiaSystem,SHIP_SYSTEM,特殊的中距离射击武器，并未配有自动化的火控系统而是直接像其他战术系统一样由舰船指挥官直接控制，所发射的诡异的能量束被认为是灵能的某种具象,武器,消耗{灵子容器}的能量向舰首发射一发伤害由舰船硬幅能水平决定的弹头，其基础伤害为{100 能量}，但根据硬幅能水平最高可提升为{10倍}，命中敌舰护盾时根据伤害量等量回复舰船结构，发射时装甲和结构受到的伤害减少{50%},灵子容器 | 100 能量 | 10倍 | 50%,
FM_FlareLauncherFighter,SHIP_SYSTEM,发射一发主动诱饵以干扰导弹和防空系统。,点防御,,,
FM_GhostDash,SHIP_SYSTEM,向前冲刺并同时对轨迹上的敌方单位每隔一段时间造成伤害,机动,冲刺并同时对轨迹上的敌方单位每隔{0.1s}造成{400 能量伤害}和等量 EMP,0.1s | 400 能量伤害,
FM_FluxBurn,SHIP_SYSTEM,短时间极大的提升软硬幅能耗散并降低范围内敌方舰载机的航速,防御,,,
FM_ReversedWing,SHIP_SYSTEM,根据舰载机是否为轰炸机，在充能完成后瞬间于舰载机位置释放导弹弹幕或热诱弹幕，同时对舰载机施加向前或向后的力。,舰载机,,,
FM_FireflyFlare,SHIP_SYSTEM,发射多个特殊主动诱饵，在一定时间后变为更多常规主动诱饵,防御,,,

,,,,,,
FM_planet_hakurei,CUSTOM,"一颗气候完美的类地行星，早在人之领时代便被规划建设成为重要的科研/农业世界，现在则被视为幻想工造的首府。
尽管经受了大崩塌的混乱，但在幻想工造的调整之下，这里仍然保有了多种当前星域内为数不多的先进科研设备和大量人之领时代资料。同时，本地的教育与旅游事业也正在蓬勃发展。
值得一提的是，虽然诸如""这个世界上存在着常识与非常识的境界""，""有妖怪在这里生活""这样的奇怪传言在外界流传广泛，但幻想工造的官方和当地人似乎都对此持无所谓的态度。",,"{Hakurei}的环境可以说是是历史与未来的交点。从巨大的常规城市集群和对应的科教卫星城，到城外规模庞大能为整个星系保障食品来源的国营农场，加上海面之上分布的多功能制造中心与组装厂与轨道上的大型船坞，无不散发着令人回味的未来感。

而另一方面，整个行星仍有着大量保留着生态与自然的区域。人之领时代的废墟，乡村聚落，零星分布于广袤的自然区域内，诉说着历史与文化，彰显着过去。这种幻想般的组合总是让人很难想象这里竟然是英仙座星域。",,
,,,,,,
FM_planet_blazing_hell,CUSTOM,"灼热的地狱蕴含着惊人的宝藏，尽管在大崩塌前尚无名声，但在幻想工造成功掌握{Hakurei}之后，这颗星球便逐渐成为了一处重要的矿产地。
伴随着星系开放而来的新威胁，这颗火山行星如今也被迅速的高度军事化以协助星系防卫。",,外人所厌恶高温与有毒大气在另一种意义上是行星驻军防卫的巨大优势。熔岩河的上空悬浮着大量采矿单元，被强化防护的哨所平台藏匿于其中。而大型反舰武器阵列隐蔽的构筑在坚固耐高温的地表工事当中，由位于稳定区域深处的指挥中心直接管控。,,
,,,,,,
FM_planet_inverted_castle,CUSTOM,"在第二次 AI 战争结束，幻想工造出现的时候，一群流浪的卢德信徒占领了这颗荒芜小星球。然而随着幻想工造与卢德信徒之间的摩擦升级，这里逐渐成为了教会默许下的卢德左径劫掠据点。
幻想工造曾计划强行清扫这颗行星，然而那场行动最终随着卢德骑士团的介入而终止。",,"坚定的意志有时能让严酷的环境变得全无所谓。得益于少数教会内部激进派的支持和本地左径组织的坚毅，这颗行星有着超乎想像的军事化程度。从轨道上豪华的感应雷区，到星球地表的隐蔽火炮阵列和地堡集群，无不渲染着圣战前线的气氛。

不过为了维持生活，小规模的采矿与生产在这里也相当必要。",,
,,,,,,
FM_planet_kirisame,CUSTOM,"在大崩塌前，尽管拥有丰富的挥发物储量，气态巨行星{Kirisame}仍不是一颗重要的行星。
不过随着大崩塌后全星域整体工业水平的下滑，对它的开发被提上了日程，在小型燃料工厂建立后，其在 Gensokyo 星系的地位逐渐提升",,大气中漂浮着的平台集成了资源收集与处理功能，将来自本地与外部的原料悉数加工为中间产物提供给星系的工业中心。而相对轻松的管控环境与气态巨星本身作为航路结点的特性使得这里聚集了不少来自星系之外的舰长与商人，带来了十分微妙的影响。,,
,,,,,,
#FM_planet_crino,CUSTOM,"在星系开放后为了改善 Hakurei 的环境而诞生的新兴工业基地。这颗低重力的冰封行星拥有整个 Gensokyo 星系第二大的轨道船坞，原先的纳米锻炉也被移至此处继续生产。
",,,,
,,,,,,
FM_planet_crino,CUSTOM,一颗表面上来看非常非常非常没有什么价值的小冰封行星，但其冰海之下也许蕴藏着某些不可告人的机密。,,,,
,,,,,,
fantasy_manufacturing,FACTION,"于第二次 AI 战争结束后一段时间连同{Gensokyo}星系一同出现的势力，对外宣称为具备大量综合技术(指从食品轻工到主力舰制造)的科技发掘企业。似乎对""灵能""和""结界""等元素有着奇怪的执着以至于在产品宣传和说明上随处可见。

在实际表现上，与宣传类似，相当热衷于对人之领时代的科技发掘，甚至拥有时下星域罕见的基础科研机构。因此尽管在""企业""规模上不及速子科技，却常常能拿出令人匪夷所思的大型尖端产品。而最近，她们正尝试向外界推广一些据称具备了""灵能""技术的新产品。

但是从本质来说，幻想工造并非一个通常的巨型企业。这个起源于人之领新兴科研世界{Hakurei}的势力""实际""被一个由各界学者(主要是自然科学与应用技术，以及灵能研究者...)组成的理事会所控制。而各星球的民间政体则相对紧密的团结在理事会周围。

另外还有一些离奇的传说记载，幻想工造的背后实际上是一个更加神秘的世界，一个存在着种种非常识的妖怪与神明等生物的乐园，不过直到目前为止，大部分{Gensokyo}星系外的研究者们要么对此没有什么关注，要么仅仅认为这是为了灵能产品推销而编造的谣言。

无论如何，这个处于中立并手握魔法般科学技术还拥有着不少空间军事力量的势力，必然会对这个处于微妙状态的星域产生更加微妙的影响......",,,,
