id,name,order,tier,description,author,combat officer,admiral,admin,tags,icon,
# COMBAT,,,,,,,,,,,
FM_Reimu_skill,红白二色的恶魔,99,5,"""只要跟着红白就能活下去""?

她确实是一个王牌，但我认为她那过于依赖直觉的个性保证不了这一点。",负责协助红白巫女指挥舰船的副舰长,TRUE,,,"npc_only, player_only",graphics/icons/skills/FM_Reimu_skill.png,
,,,,,,,,,,,
,,,,,,,,,,,
# LEADERSHIP,,,,,,,,,,,
#FM_Tokiko_skill,无名有翼的参谋,100,5,并非所有学员都有足够的时间精力与天赋允许她们在这短短的学院生涯中成为顶尖的指挥官，但我们仍能教给她们相应的方法并期待着时间的魔力使她们蜕变。,未署名的幻想工造空间战术学院教员,TRUE,TRUE,,"npc_only, player_only",graphics/icons/skills/FM_Tokiko_skill.png,
FM_Tokiko_skill,无名有翼的参谋,100,5,"这些方案显然还有很多小问题需要解决，希望一切顺利呢...","经""Unnamed"" Tokiko 本人授权后允许查阅部分的私人记录",TRUE,TRUE,,"npc_only, player_only",graphics/icons/skills/FM_Tokiko_skill.png,
,,,,,,,,,,,
,,,,,,,,,,,
# TECHNOLOGY,,,,,,,,,,,
,,,,,,,,,,,
# INDUSTRY,,,,,,,,,,,
,,,,,,,,,,,
# HIDDEN,,,,,,,,,,,
FM_Tokiko_skillCom,,100,5,,,,TRUE,,"player_only, npc_only",graphics/icons/skills/space_ops.png,
,,,,,,,,,,,
# FM Special,,,,,,,,,,,
FM_ShieldExpand_skill,火蛇之盾,100,0,火蛇和火鼠在旧时代的文献中仅有一字之差...不过这并不是我们如此联想的唯一原因。,"""新时代的五大难题"" 幻想工造新闻片段",,TRUE,,"deprecated",graphics/icons/skills/FM_Tokiko_skill.png,
FM_PriceOfLife_skill,生命价值,101,0,仅靠那些被远大理想与宏伟愿景吸引加入的人们对于实现目标终究是不足的，所以我们仍然建议附加一些更现实的方案来找到我们所需要的人才。,"幻想工造考察团对霸主考察报告节选",,TRUE,,"player_only, deprecated",graphics/icons/skills/FM_Tokiko_skill.png,
FM_FUMOS_skill,F.U.M.O.S,102,0,"新一代力场调谐修正操作系统(Field Unison Modification Operating System，简称F.U.M.O.S)，

让你更接近敌人。","护盾操作系统，F.U.M.O.S 11 广告节选",TRUE,,,"deprecated",graphics/icons/skills/FM_Tokiko_skill.png,
FM_TheFlash_skill,可惜身命,103,0,"--当你准备万全的时候，死神是不会找上你的，Marisa。

--用不着你来告诉我!","战斗通信记录，于 c.205，Hakurei低轨道，打捞自 GMS Xi",TRUE,,,"deprecated",graphics/icons/skills/FM_Tokiko_skill.png,
FM_WindOfGensokyo_skill,幻想风靡,104,0,"研究表明，把船体刷成红色或是在船上养乌鸦等等行为并不能提升舰船的最大航速。","幻想工造舰队技术官培训课程 基础篇",,TRUE,,"deprecated",graphics/icons/skills/FM_Tokiko_skill.png,
FM_SalvageCritic_skill,严选回收,105,0,"虽然那些非人类的家伙们即便到现在也没法清楚的认识到种种基本打捞产物的重要性，但老实说，如果真能捞到什么更劲爆的东西，这点小小的成本增加还是可以接受的...","对 Gensokyo 周边活动的拾荒者的采访记录",,TRUE,,"deprecated",graphics/icons/skills/FM_Tokiko_skill.png,
,,,,,,,,,,,
,,,,,,,,,,,
,,,,,,,,,,,
,,,,,,,,,,,
,,,,,,,,,,,
,,,,,,,,,,,
,,,,,,,,,,,
FM_SkillAptitude,,0,,,,,,,"deprecated, npc_only, player_only",graphics/icons/skills/FM_SkillAptitude.png