{
	"name":"Hakurei Reimu",
	"personalities":["steady", "aggressive", "reckless"],
	"gender":["f"],
	"chance":0,
	"talkativeness":1.75,
	"categoryTags":["othermedia"],
	
	"lines":{
		"start":[
			{"text":"是是是, 我这就去..."},
			{"text":"不用提醒我太空中很危险."},
			{"text":"说起来他们是谁来着?"},
			{"text":"不用担心我啦!..."},
			{"text":"少女祈祷中..."},
			{"text":"别担心, 如果需要的话我会保护你的."},
			{"text":"太空战斗而已...吧?"},
			{"text":"你们这些太空人真是喜欢拿命来玩游戏呢..."},
			{"text":"这次要加班费的哦?"},
		],
		"start_boss":[
			{"text":"...当然我会保护你的...你也会做同样的事对吧?"},
			{"text":"经验告诉我这种家伙也许意外的只是没事找事."},
			{"text":"他有几张符卡... 唉? 没有这种东西?"},
			{"text":"没关系, 我的直感一向很准."},
			{"text":"全船人的生命? 当然会好好保障的啊!"},
			{"text":"如果能回去我一定要好好找那老太婆算账..."},
			{"text":"全力战斗的需要? 这种事情由我自己决定."},
			{"text":"被女孩子保护会很奇怪? 啊...但这样明显更方便嘛..."},
		],
		"retreat":[
			{"text":"先说好, 我的撤退经验几乎是零啊."},
			{"text":"接近满身疮痍, 但是还能再来."},
			{"text":"会保护你的, 会尽力的."},
			{"text":"这就是传说中的失败吗? "},
			{"text":"虽然战斗上并没有好好发挥, 不过带你离开还是很容易地哦."},
			{"text":"以退为进."},
		],
		"out_of_missiles":[
			{"text":"没有了诱导武器并不代表着无法战斗呢."},
			{"text":"接下来就是真正的底力对决了呢..."},
		],
		"engaged":[
			{"text":"现在是该放狠话的时候了."},
			{"text":"临兵斗者, 皆阵列前行."},
			{"text":"虽说是毫无美感的战斗, 不过这压迫力还真是十足呢."},
			{"text":"虽然如此, 我还是不怎么喜欢那么拼命的样子呢."},
			{"text":"顺其自然, 自然..."},
		],
		"need_help":[
			{"text":"看来要稍稍努力了呢..."},
			{"text":"\"马上就来支援\"? 你还真是会关心人呢..."},
			{"text":"果然面对历经磨练的常人, 天才也要退避三舍呢."},
			{"text":"我可并没有你想的那么脆弱哦? "}
		],
		"pursuing":[
			{"text":"这种时候要是能使用能力就好了呢..."},
			{"text":"有什么方法能困住他们吗? "},
			{"text":"快结束了呢."},
			{"text":"所以说过很多遍了, 不要小瞧博丽啊."},
			{"text":"看着他们挣扎的样子令人兴奋...好像有些奇怪了..."}
		],
		"running":[
			{"text":"无论是符卡决斗还是这里, 灵活的退却都是必须的呢."},
			{"text":"在撤了在撤了..."},
			{"text":"如果有时间, 你能来帮助我转进一下吗?"},
			{"text":"真是难缠..."},
		],
		"hull_90":[
			{"text":"情况有趣了起来..."},
			{"text":"损失情况已了解... 不... 我只是有些兴奋..."},
			{"text":"奇怪的感觉啊..."},
			{"text":"我没事, 暂时如此..."},
		],
		"hull_50":[
			{"text":"我和死神的关系还不错, 不过我不太想现在见到她呢..."},
			{"text":"... 我在尽量保持状态稳定..."},
			{"text":"谢谢关心, 我还没没事... 但是只是暂时的..."},
			{"text":"杀戮与战斗的感觉..."},
			{"text":"这种时候的战场会很美吗? "},
		],
		"hull_30":[
			{"text":"...真是华丽..."},
			{"text":"看起来需要你来保护我了..."},
			{"text":"...快到极限了..."},
			{"text":"有什么回忆一般的东西涌入了脑海..."},
			{"text":"看来不能继续沉浸于战斗了..."},
		],
		"overload":[
			{"text":"如果处理不好的话, 我是不是快死了呢?"},
			{"text":"如同符卡一般华丽呢..."},
			{"text":"别担心，我只是精神上有些震撼."},
			{"text":"... 有人能告诉我发生了什么吗?"},
		],
		"death":[
			{"text":"...抱歉, 我似乎是在昏迷的情况下被送上逃生舱的..."},
			{"text":"...为何如此美丽..."},
			{"text":"...没能保护到大家呢..."},
		],
		"victory":[
			{"text":"结束了啊."},
			{"text":"一如既往."},
			{"text":"这就是日常吗?"},
			{"text":"感觉良好."},
			{"text":"完工，结束，非常好..."},
			{"text":"...恢复过来了, 战斗结束了?"},
			{"text":"于是, 异变解决, 日常回归."}
		]
	}
}
