{
	"name":"\"Unnamed\" Tokiko",
	"personalities":["steady", "aggressive", "reckless"],
	"gender":["f"],
	"chance":0,
	"talkativeness":1.75,
	"categoryTags":["othermedia"],
	
	"lines":{
		"start":[
			{"text":"正在接敌, 5,4..."},
			{"text":"标准战斗阵型, 敌舰接近中."},
			{"text":"指挥官先生?"},
			{"text":"正在更新情报数据."},
			{"text":"这一次大家也要活着回来."},
			{"text":"和课本上一样呢..."},
			{"text":"之前总结的错误不要再犯了, 指挥官先生."},
			{"text":"目前的分析结果尚未明确."},
		],
		"start_boss":[
			{"text":"这种情况可不能像之前那么莽撞了."},
			{"text":"这一次要更认真些啊..."},
			{"text":"虽然推演结果并不乐观, 但是这种时候更应该打起精神."},
			{"text":"指挥官先生, 请比平时更小心些!"},
			{"text":"相当具有挑战性."},
			{"text":"是的, 十分紧张, 不过..."},
			{"text":"请活下来, 大家."},
			{"text":"希望这种类型的实践再少些."},
		],
		"retreat":[
			{"text":"所有人都好好回来了吧?"},
			{"text":"指挥官先生没事吧..."},
			{"text":"当下最好的选择."},
			{"text":"没关系, 下一次"},
			{"text":"指挥官先生好好回来的话会给你奖励的, 所以快回来!"},
			{"text":"该走了!"},
		],
		"out_of_missiles":[
			{"text":"导弹清空, 接下来可能是拉锯战了."},
			{"text":"白热化了呢..."},
		],
		"engaged":[
			{"text":"目标即将进入射程."},
			{"text":"这次可不会像以前那样被顺手打发了..."},
			{"text":"要好好运用学到的知识了."},
			{"text":"让你们见识一下我的战斗风格!"},
			{"text":"别看我这样, 这种战斗还是很在行的啊."},
		],
		"need_help":[
			{"text":"支援应该快到了吧?"},
			{"text":"指挥官先生, 我这里的情况比较紧急!"},
			{"text":"各位坚持住, 我已经请求增援了."},
			{"text":"这一区域战况吃紧, 我们需要更多的援助."}
		],
		"pursuing":[
			{"text":"\"别冲太快\"? 不用担心啦指挥官先生."},
			{"text":"是的, 我们正处于优势状态进行追击..."},
			{"text":"优势在我!"},
			{"text":"大家的状态不错, 接下来要继续追击了哦."},
			{"text":"引擎功率稳定, 我们将进行追击."}
		],
		"running":[
			{"text":"少女机动中..."},
			{"text":"没事啦, 对这种事我还是很灵活的."},
			{"text":"啊, 指挥官先生暂时还是别盯着我了..."},
			{"text":"看起来对方抓住了一些机会呢."},
		],
		"hull_90":[
			{"text":"损伤仍在可控范围内, 不用担心, 指挥官先生."},
			{"text":"大家小心一些, 接下来的战斗会更加激烈."},
			{"text":"唔呣, 看来要更小心些..."},
			{"text":"损害管制小组该上线了."},
		],
		"hull_50":[
			{"text":"到目前为止还算在教科书内."},
			{"text":"坚守岗位, 我们还有机会."},
			{"text":"刚刚的爆炸是哪个隔舱?"},
			{"text":"分析显示我们的存活率已经大幅下降了, 指挥官先生"},
			{"text":"似乎回忆起了恐怖的事情..."},
		],
		"hull_30":[
			{"text":"能保证伤员撤离吗?"},
			{"text":"我们快撑不住了, 指挥官..."},
			{"text":"我在尽力尝试."},
			{"text":"不要管分析和数据了, 现在的核心是尽量保证存活."},
			{"text":"果然还是无能为力吗?"},
		],
		"overload":[
			{"text":"能源系统警告, 损害管制小组已经就位了吗?"},
			{"text":"可恶, 我最讨厌的就是这种情况..."},
			{"text":"所有人做好抗冲击准备, 我们可能会迎来一轮高强度打击."},
			{"text":"果然是要比演示中强的多啊..."},
		],
		"death":[
			{"text":"...指挥官先生, 我..."},
			{"text":"...阵亡和受伤的大家..."},
			{"text":"...不要丢下我一个人..."},
		],
		"victory":[
			{"text":"战斗结束, 接下来我会去照顾好伤员."},
			{"text":"是的, 指挥官先生, 诶? 想要奖励? 这..."},
			{"text":"这一次还是顺利的结束了呢."},
			{"text":"看在指挥官先生还算努力的分上, 要摸摸翅膀吗?"},
			{"text":"没什么大碍真是太好了..."},
			{"text":"总之是结束了呢."}
		]
	}
}
