{
	"FM_engine":{
		"mode":"QUAD_STRIP", # PARTICLES or QUAD_STRIP, determines which params are used
		"contrailDuration":1,
		"contrailWidthMult":1.5,
		"contrailWidthAddedFractionAtEnd":1f,  # can be negative. makes trail spread out/narrow at the end
		"contrailMinSeg":5, # min segment length, in pixels
		"contrailMaxSpeedMult":15f,
		"contrailAngularVelocityMult":3f,
		"contrailColor":[100,165,255,75],
		"type":"SMOKE", # GLOW or SMOKE; additive or regular blend mode

		"glowSprite":"graphics/fx/engineglow32b.png",
		"glowOutline":"graphics/fx/engineflame32b.png",
		"omegaMode":false,
		"glowSizeMult":1,
		"glowAlternateColor":[150,165,255,255],
		"engineColor":[100,165,255,255],

		#"contrailParticleSizeMult":4,
		#"contrailParticleDuration":1,
		#"contrailParticleFinalSizeMult":2.5,
		#"contrailMaxSpeedMult":0.5f,
		#"contrailAngularVelocityMult":0f,
		#"contrailColor":[100,165,255,25],
		#"contrailCampaignColor":[100,165,255,75],
		#"type":"GLOW" # GLOW or SMOKE
	},

	"FM_ome":{
		"mode":"QUAD_STRIP", # PARTICLES or QUAD_STRIP, determines which params are used
		"contrailDuration":1.5,
		"contrailWidthMult":0.75,
		"contrailWidthAddedFractionAtEnd":-1f,  # can be negative. makes trail spread out/narrow at the end
		"contrailMinSeg":5, # min segment length, in pixels
		"contrailMaxSpeedMult":1f,
		"contrailAngularVelocityMult":0f,
		"contrailColor":[255,75,50,200],
		"type":"GLOW", # GLOW or SMOKE; additive or regular blend mode
						
		"glowSprite":"graphics/fx/engineglow32b.png",
		"glowOutline":"graphics/fx/engineflame32b.png",
		"omegaMode":true,
		"glowSizeMult":2,
		"glowAlternateColor":[255,100,100,255],
		"engineColor":[255,100,100,255],
		
		#"contrailParticleSizeMult":4,
		#"contrailParticleDuration":1,
		#"contrailParticleFinalSizeMult":2.5,
		#"contrailMaxSpeedMult":0.5f,
		#"contrailAngularVelocityMult":0f,
		#"contrailColor":[100,165,255,25],
		#"contrailCampaignColor":[100,165,255,75],
		#"type":"GLOW" # GLOW or SMOKE
	},	

	"FM_HT":{
		"mode":"QUAD_STRIP", # PARTICLES or QUAD_STRIP, determines which params are used
		"contrailDuration":1.5,
		"contrailWidthMult":0.75,
		"contrailWidthAddedFractionAtEnd":-1f,  # can be negative. makes trail spread out/narrow at the end
		"contrailMinSeg":5, # min segment length, in pixels
		"contrailMaxSpeedMult":1f,
		"contrailAngularVelocityMult":0f,
		"contrailColor":[255,75,50,200],
		"type":"GLOW", # GLOW or SMOKE; additive or regular blend mode
						
		"glowSprite":"graphics/fx/FM_engineGlow32.png",
		"glowOutline":"graphics/fx/FM_engineFlame32.png",
		"omegaMode":true,
		"glowSizeMult":2,
		"glowAlternateColor":[255,100,100,255],
		"engineColor":[255,100,100,255],
		
		#"contrailParticleSizeMult":4,
		#"contrailParticleDuration":1,
		#"contrailParticleFinalSizeMult":2.5,
		#"contrailMaxSpeedMult":0.5f,
		#"contrailAngularVelocityMult":0f,
		#"contrailColor":[100,165,255,25],
		#"contrailCampaignColor":[100,165,255,75],
		#"type":"GLOW" # GLOW or SMOKE
	},





}
